,Unnamed: 0.5,Unnamed: 0.4,Unnamed: 0.3,Unnamed: 0.2,Unnamed: 0.1,Unnamed: 0,id,first_name,height_feet,height_inches,last_name,position,weight_pounds,team_id,team_abr,city,height
2838,2838,2838,2838,2838,2838,2838,409,Dennis,6.0,1.0,Schroder,G,172.0,28,TOR,Toronto,73.0
2935,2935,2935,2935,2935,2935,2935,83,Clint,6.0,10.0,Capela,C,240.0,1,ATL,Atlanta,82.0
2989,2989,2989,2989,2989,2989,2989,3547197,Devon,,,Dotson,G,,30,WAS,Washington,
3078,3078,3078,3078,3078,3078,3078,371,Mason,6.0,11.0,Plumlee,F-C,235.0,13,LAC,LA,83.0
3162,3162,3162,3162,3162,3162,3162,349,Jusuf,7.0,0.0,Nurkic,C,275.0,24,PHX,Phoenix,84.0
3180,3180,3180,3180,3180,3180,3180,38017678,Michael,,,Foster Jr.,F,,23,PHI,Philadelphia,
3182,3182,3182,3182,3182,3182,3182,203,Udonis,6.0,8.0,Haslem,F,235.0,16,MIA,Miami,80.0
3185,3185,3185,3185,3185,3185,3185,224,Andre,6.0,6.0,Iguodala,G-F,215.0,10,GSW,Golden State,78.0
3191,3191,3191,3191,3191,3191,3191,459,Noah,6.0,9.0,Vonleh,F,250.0,2,BOS,Boston,81.0
3209,3209,3209,3209,3209,3209,3209,367,Chris,6.0,0.0,Paul,G,175.0,10,GSW,Golden State,72.0
3352,3352,3352,3352,3352,3352,3352,240,Alize,6.0,9.0,Johnson,F,212.0,27,SAS,San Antonio,81.0
3366,3366,3366,3366,3366,3366,3366,17553988,Jeff,,,Dowtin,G,,28,TOR,Toronto,
3367,3367,3367,3367,3367,3367,3367,358,Kelly,7.0,0.0,Olynyk,F,240.0,29,UTA,Utah,84.0
3391,3391,3391,3391,3391,3391,3391,38017713,Jordan,,,Hall,G,,27,SAS,San Antonio,
3398,3398,3398,3398,3398,3398,3398,666523,Jarrett,,,Culver,G,,1,ATL,Atlanta,
3410,3410,3410,3410,3410,3410,3410,38017738,Chima,,,Moneke,F,,26,SAC,Sacramento,
3423,3423,3423,3423,3423,3423,3423,133,Tyler,6.0,5.0,Dorsey,G,183.0,7,DAL,Dallas,77.0
3442,3442,3442,3442,3442,3442,3442,81,Kentavious,6.0,5.0,Caldwell-Pope,G,205.0,8,DEN,Denver,77.0
3443,3443,3443,3443,3443,3443,3443,465,Kemba,6.0,1.0,Walker,G,184.0,7,DAL,Dallas,73.0
3463,3463,3463,3463,3463,3463,3463,53,Bogdan,6.0,6.0,Bogdanovic,G,205.0,1,ATL,Atlanta,78.0
3466,3466,3466,3466,3466,3466,3466,17896074,McKinley,,,Wright IV,G,,7,DAL,Dallas,
3485,3485,3485,3485,3485,3485,3485,72,Sterling,6.0,6.0,Brown,G,232.0,14,LAL,Los Angeles,78.0
3511,3511,3511,3511,3511,3511,3511,140,Kevin,6.0,9.0,Durant,F,240.0,24,PHX,Phoenix,81.0
3540,3540,3540,3540,3540,3540,3540,17554006,Jordan,,,Schakel,G,,30,WAS,Washington,
3543,3543,3543,3543,3543,3543,3543,3547304,Facundo,,,Campazzo,,,7,DAL,Dallas,
3593,3593,3593,3593,3593,3593,3593,235,Justin,6.0,8.0,Jackson,F,210.0,2,BOS,Boston,80.0
3602,3602,3602,3602,3602,3602,3602,243,Stanley,6.0,7.0,Johnson,F,245.0,27,SAS,San Antonio,79.0
3705,3705,3705,3705,3705,3705,3705,159,Bryn,6.0,3.0,Forbes,G,190.0,18,MIN,Minnesota,75.0
3730,3730,3730,3730,3730,3730,3730,223,Serge,6.0,10.0,Ibaka,F-C,235.0,17,MIL,Milwaukee,82.0
3792,3792,3792,3792,3792,3792,3792,467,John,6.0,4.0,Wall,G,210.0,11,HOU,Houston,76.0
3964,3964,3964,3964,3964,3964,3964,4197356,Leandro,,,Bolmaro,F,,29,UTA,Utah,
4030,4030,4030,4030,4030,4030,4030,237,LeBron,6.0,8.0,James,F,250.0,14,LAL,Los Angeles,80.0
4083,4083,4083,4083,4083,4083,4083,666762,Jalen,,,McDaniels,F,,28,TOR,Toronto,
4086,4086,4086,4086,4086,4086,4086,3547240,James,,,Wiseman,C,,9,DET,Detroit,
4087,4087,4087,4087,4087,4087,4087,17896032,Kai,,,Jones,F-C,,4,CHA,Charlotte,
4090,4090,4090,4090,4090,4090,4090,3547293,Naji,,,Marshall,F,,19,NOP,New Orleans,
4091,4091,4091,4091,4091,4091,4091,3547297,Trent,,,Forrest,G,,1,ATL,Atlanta,
4094,4094,4094,4094,4094,4094,4094,17896007,Braxton,,,Key,G,,8,DEN,Denver,
4104,4104,4104,4104,4104,4104,4104,17896017,Matt,,,Ryan,F,,19,NOP,New Orleans,
4105,4105,4105,4105,4105,4105,4105,666463,Jarrell,,,Brantley,F,,29,UTA,Utah,
4106,4106,4106,4106,4106,4106,4106,17896021,Jeremiah,,,Robinson-Earl,F,,19,NOP,New Orleans,
4145,4145,4145,4145,4145,4145,4145,422,Ish,6.0,0.0,Smith,G,175.0,4,CHA,Charlotte,72.0
4160,4160,4160,4160,4160,4160,4160,206,Juancho,6.0,9.0,Hernangomez,F,230.0,28,TOR,Toronto,81.0
4162,4162,4162,4162,4162,4162,4162,666908,Max,,,Strus,G,,6,CLE,Cleveland,
4163,4163,4163,4163,4163,4163,4163,666860,Cameron,,,Reddish,F-G,,14,LAL,Los Angeles,
4182,4182,4182,4182,4182,4182,4182,60,Tony,6.0,10.0,Bradley,C,248.0,5,CHI,Chicago,82.0
4186,4186,4186,4186,4186,4186,4186,17896024,Herbert,,,Jones,F,,19,NOP,New Orleans,
4187,4187,4187,4187,4187,4187,4187,38017620,Ochai,,,Agbaji,G,,29,UTA,Utah,
4188,4188,4188,4188,4188,4188,4188,17896030,Chris,,,Duarte,G,,26,SAC,Sacramento,
4189,4189,4189,4189,4189,4189,4189,17896031,Nah'Shon,,,Hyland,G,,13,LAC,LA,
4193,4193,4193,4193,4193,4193,4193,58,Chris,6.0,10.0,Boucher,F,200.0,28,TOR,Toronto,82.0
4194,4194,4194,4194,4194,4194,4194,439,Daniel,6.0,8.0,Theis,F,243.0,13,LAC,LA,80.0
4195,4195,4195,4195,4195,4195,4195,257,Maxi,6.0,11.0,Kleber,F,240.0,7,DAL,Dallas,83.0
4215,4215,4215,4215,4215,4215,4215,110,Torrey,6.0,7.0,Craig,F,215.0,5,CHI,Chicago,79.0
4216,4216,4216,4216,4216,4216,4216,8,Grayson,6.0,5.0,Allen,G,198.0,24,PHX,Phoenix,77.0
4217,4217,4217,4217,4217,4217,4217,3547095,Udoka,,,Azubuike,C-F,,24,PHX,Phoenix,
4221,4221,4221,4221,4221,4221,4221,24,Marvin,6.0,11.0,Bagley III,F,234.0,9,DET,Detroit,83.0
4222,4222,4222,4222,4222,4222,4222,28,Mo,7.0,0.0,Bamba,C,221.0,23,PHI,Philadelphia,84.0
4223,4223,4223,4223,4223,4223,4223,68,Troy,6.0,7.0,Brown Jr.,F,215.0,18,MIN,Minnesota,79.0
4224,4224,4224,4224,4224,4224,4224,73,Jalen,6.0,3.0,Brunson,G,190.0,20,NYK,New York,75.0
4225,4225,4225,4225,4225,4225,4225,87,Jevon,6.0,2.0,Carter,G,196.0,5,CHI,Chicago,74.0
4226,4226,4226,4226,4226,4226,4226,85,Wendell,6.0,10.0,Carter Jr.,F,255.0,22,ORL,Orlando,82.0
4227,4227,4227,4227,4227,4227,4227,128,Hamidou,6.0,5.0,Diallo,G,198.0,9,DET,Detroit,77.0
4228,4228,4228,4228,4228,4228,4228,131,Donte,6.0,4.0,DiVincenzo,G,203.0,20,NYK,New York,76.0
4229,4229,4229,4229,4229,4229,4229,666564,Bruno,,,Fernando,F,,1,ATL,Atlanta,
4230,4230,4230,4230,4230,4230,4230,175,Shai,6.0,6.0,Gilgeous-Alexander,G,181.0,21,OKC,Oklahoma City,78.0
4231,4231,4231,4231,4231,4231,4231,180,Devonte',6.0,2.0,Graham,G,185.0,27,SAS,San Antonio,74.0
4232,4232,4232,4232,4232,4232,4232,213,Aaron,6.0,1.0,Holiday,G,185.0,11,HOU,Houston,73.0
4233,4233,4233,4233,4233,4233,4233,221,Kevin,6.0,7.0,Huerter,G,190.0,26,SAC,Sacramento,79.0
4235,4235,4235,4235,4235,4235,4235,666468,Oshae,,,Brissett,F,,2,BOS,Boston,
4236,4236,4236,4236,4236,4236,4236,666530,Terence,,,Davis,G,,26,SAC,Sacramento,
4247,4247,4247,4247,4247,4247,4247,476,Robert,6.0,10.0,Williams III,C-F,240.0,25,POR,Portland,82.0
4248,4248,4248,4248,4248,4248,4248,397,Duncan,6.0,8.0,Robinson,F,210.0,16,MIA,Miami,80.0
4249,4249,4249,4249,4249,4249,4249,50927,Kendrick,,,Nunn,G,,30,WAS,Washington,
4250,4250,4250,4250,4250,4250,4250,470,Yuta,6.0,9.0,Watanabe,G,205.0,24,PHX,Phoenix,81.0
4252,4252,4252,4252,4252,4252,4252,17896022,Brandon,,,Boston Jr.,G,,13,LAC,LA,
4253,4253,4253,4253,4253,4253,4253,17896028,Greg,,,Brown III,F,,7,DAL,Dallas,
4277,4277,4277,4277,4277,4277,4277,285,Kevin,6.0,10.0,Love,F-C,251.0,16,MIA,Miami,82.0
4278,4278,4278,4278,4278,4278,4278,261,Luke,7.0,1.0,Kornet,F-C,250.0,2,BOS,Boston,85.0
4279,4279,4279,4279,4279,4279,4279,3547280,Jay,,,Scrubb,G,,2,BOS,Boston,
4280,4280,4280,4280,4280,4280,4280,666676,Ty,,,Jerome,G,,6,CLE,Cleveland,
4281,4281,4281,4281,4281,4281,4281,17895967,Isaiah,,,Todd,F,,30,WAS,Washington,
4282,4282,4282,4282,4282,4282,4282,666679,Cameron,,,Johnson,F,,3,BKN,Brooklyn,
4283,4283,4283,4283,4283,4283,4283,7155648,Anthony,,,Lamb,F,,10,GSW,Golden State,
4284,4284,4284,4284,4284,4284,4284,18677954,Jared,,,Butler,G,,30,WAS,Washington,
4286,4286,4286,4286,4286,4286,4286,3547287,Desmond,,,Bane,G,,15,MEM,Memphis,
4287,4287,4287,4287,4287,4287,4287,17895966,Jalen,,,Green,G,,11,HOU,Houston,
4288,4288,4288,4288,4288,4288,4288,3547295,Nathan,,,Knight,F-C,,2,BOS,Boston,
4352,4352,4352,4352,4352,4352,4352,178,Eric,6.0,4.0,Gordon,G,215.0,24,PHX,Phoenix,76.0
4354,4354,4354,4354,4354,4354,4354,666476,Moses,,,Brown,C,,25,POR,Portland,
4355,4355,4355,4355,4355,4355,4355,27924547,Lindy,,,Waters III,F,,21,OKC,Oklahoma City,
4356,4356,4356,4356,4356,4356,4356,17896023,Josh,,,Christopher,G,,29,UTA,Utah,
4357,4357,4357,4357,4357,4357,4357,18677986,Trey,,,Murphy III,F,,19,NOP,New Orleans,
4388,4388,4388,4388,4388,4388,4388,666821,KZ,,,Okpala,F,,26,SAC,Sacramento,
4391,4391,4391,4391,4391,4391,4391,17896025,Jaden,,,Springer,G,,23,PHI,Philadelphia,
4394,4394,4394,4394,4394,4394,4394,17896026,Franz,,,Wagner,F,,22,ORL,Orlando,
4429,4429,4429,4429,4429,4429,4429,219,Al,6.0,10.0,Horford,C-F,245.0,2,BOS,Boston,82.0
4430,4430,4430,4430,4430,4430,4430,104,Mike,6.0,1.0,Conley,G,175.0,18,MIN,Minnesota,73.0
4431,4431,4431,4431,4431,4431,4431,666609,Rui,,,Hachimura,F,,14,LAL,Los Angeles,
4432,4432,4432,4432,4432,4432,4432,19465326,Jock,,,Landale,C,,11,HOU,Houston,
4433,4433,4433,4433,4433,4433,4433,166,Wenyen,6.0,9.0,Gabriel,F,205.0,14,LAL,Los Angeles,81.0
4434,4434,4434,4434,4434,4434,4434,17895968,Daishen,,,Nix,F,,18,MIN,Minnesota,
4435,4435,4435,4435,4435,4435,4435,17553979,Jonathan,,,Kuminga,F,,10,GSW,Golden State,
4436,4436,4436,4436,4436,4436,4436,3547294,Kenyon,,,Martin Jr.,F,,23,PHI,Philadelphia,
4440,4440,4440,4440,4440,4440,4440,3547299,Sam,,,Merrill,G,,6,CLE,Cleveland,
4441,4441,4441,4441,4441,4441,4441,17895983,Ayo,,,Dosunmu,G,,5,CHI,Chicago,
4442,4442,4442,4442,4442,4442,4442,4197387,Vit,,,Krejci,G,,1,ATL,Atlanta,
4443,4443,4443,4443,4443,4443,4443,4197388,Marko,,,Simonovic,C,,5,CHI,Chicago,
4465,4465,4465,4465,4465,4465,4465,3547301,Jae'Sean,,,Tate,F,,11,HOU,Houston,
4467,4467,4467,4467,4467,4467,4467,3547302,Anthony,,,Gill,F,,30,WAS,Washington,
4468,4468,4468,4468,4468,4468,4468,17895994,Xavier,,,Sneed,F,,4,CHA,Charlotte,
4476,4476,4476,4476,4476,4476,4476,38017607,Kevon,,,Harris,G,,22,ORL,Orlando,
4477,4477,4477,4477,4477,4477,4477,17896027,Ziaire,,,Williams,G-F,,15,MEM,Memphis,
4478,4478,4478,4478,4478,4478,4478,38017656,Scotty,,,Pippen Jr.,G,,14,LAL,Los Angeles,
4479,4479,4479,4479,4479,4479,4479,17896033,Miles,,,McBride,G,,20,NYK,New York,
4485,4485,4485,4485,4485,4485,4485,38017630,Johnny,,,Juzang,G,,29,UTA,Utah,
4486,4486,4486,4486,4486,4486,4486,17896041,Keon,,,Johnson,G,,3,BKN,Brooklyn,
4487,4487,4487,4487,4487,4487,4487,17896045,Corey,,,Kispert,F,,30,WAS,Washington,
4501,4501,4501,4501,4501,4501,4501,283,Brook,7.0,0.0,Lopez,C,270.0,17,MIL,Milwaukee,84.0
4502,4502,4502,4502,4502,4502,4502,284,Robin,7.0,0.0,Lopez,C,275.0,17,MIL,Milwaukee,84.0
4503,4503,4503,4503,4503,4503,4503,306,JaVale,7.0,0.0,McGee,C,270.0,26,SAC,Sacramento,84.0
4504,4504,4504,4504,4504,4504,4504,33,Nicolas,6.0,8.0,Batum,F-G,200.0,23,PHI,Philadelphia,80.0
4527,4527,4527,4527,4527,4527,4527,66,Dillon,6.0,6.0,Brooks,G-F,220.0,11,HOU,Houston,78.0
4528,4528,4528,4528,4528,4528,4528,74,Thomas,6.0,11.0,Bryant,C,248.0,16,MIA,Miami,83.0
4529,4529,4529,4529,4529,4529,4529,330,Monte,6.0,3.0,Morris,G,175.0,9,DET,Detroit,75.0
4530,4530,4530,4530,4530,4530,4530,666489,Vlatko,,,Cancar,F,,8,DEN,Denver,
4531,4531,4531,4531,4531,4531,4531,2202,Kobi,,,Simmons,,,4,CHA,Charlotte,
4532,4532,4532,4532,4532,4532,4532,432,Edmond,6.0,6.0,Sumner,G,176.0,4,CHA,Charlotte,78.0
4536,4536,4536,4536,4536,4536,4536,666767,Jordan,,,McLaughlin,G,,18,MIN,Minnesota,
4547,4547,4547,4547,4547,4547,4547,1603383,Gabe,,,Vincent,G,,14,LAL,Los Angeles,
4557,4557,4557,4557,4557,4557,4557,147,Drew,6.0,10.0,Eubanks,F,245.0,24,PHX,Phoenix,82.0
4558,4558,4558,4558,4558,4558,4558,3092,Haywood,6.0,7.0,Highsmith,,220.0,16,MIA,Miami,79.0
4559,4559,4559,4559,4559,4559,4559,666511,Amir,,,Coffey,G,,13,LAC,LA,
4561,4561,4561,4561,4561,4561,4561,666925,Juan,,,Toscano-Anderson,F,,29,UTA,Utah,
4562,4562,4562,4562,4562,4562,4562,666743,Terance,,,Mann,G,,13,LAC,LA,
4563,4563,4563,4563,4563,4563,4563,38017507,Andrew,,,Nembhard,G-F,,12,IND,Indiana,
4564,4564,4564,4564,4564,4564,4564,3547163,Mamadi,,,Diakite,F,,6,CLE,Cleveland,
4565,4565,4565,4565,4565,4565,4565,3547289,Skylar,,,Mays,G,,25,POR,Portland,
4566,4566,4566,4566,4566,4566,4566,48248491,Chance,,,Comanche,C,,25,POR,Portland,
4567,4567,4567,4567,4567,4567,4567,17896058,Trendon,,,Watford,F,,3,BKN,Brooklyn,
4568,4568,4568,4568,4568,4568,4568,24102469,Malcolm,,,Hill,F,,5,CHI,Chicago,
4569,4569,4569,4569,4569,4569,4569,211,George,6.0,3.0,Hill,G,188.0,12,IND,Indiana,75.0
4570,4570,4570,4570,4570,4570,4570,250,DeAndre,6.0,11.0,Jordan,C,265.0,8,DEN,Denver,83.0
4571,4571,4571,4571,4571,4571,4571,136,Goran,6.0,3.0,Dragic,G,190.0,17,MIL,Milwaukee,75.0
4572,4572,4572,4572,4572,4572,4572,189,Blake,6.0,10.0,Griffin,F,250.0,2,BOS,Boston,82.0
4573,4573,4573,4573,4573,4573,4573,192,James,6.0,5.0,Harden,G,220.0,13,LAC,LA,77.0
4574,4574,4574,4574,4574,4574,4574,404,Ricky,6.0,4.0,Rubio,G,190.0,6,CLE,Cleveland,76.0
4575,4575,4575,4575,4575,4575,4575,231,Jaren,6.0,11.0,Jackson Jr.,F-C,242.0,15,MEM,Memphis,83.0
4576,4576,4576,4576,4576,4576,4576,259,Kevin,6.0,9.0,Knox,F,215.0,9,DET,Detroit,81.0
4577,4577,4577,4577,4577,4577,4577,666748,Cody,,,Martin,F,,4,CHA,Charlotte,
4578,4578,4578,4578,4578,4578,4578,399,Mitchell,7.0,1.0,Robinson,C,240.0,20,NYK,New York,85.0
4579,4579,4579,4579,4579,4579,4579,413,Collin,6.0,2.0,Sexton,G,190.0,29,UTA,Utah,74.0
4580,4580,4580,4580,4580,4580,4580,414,Landry,6.0,5.0,Shamet,G,188.0,30,WAS,Washington,77.0
4581,4581,4581,4581,4581,4581,4581,419,Anfernee,6.0,4.0,Simons,G,185.0,25,POR,Portland,76.0
4582,4582,4582,4582,4582,4582,4582,3089,Gary,6.0,6.0,Trent Jr.,,205.0,28,TOR,Toronto,78.0
4583,4583,4583,4583,4583,4583,4583,457,Jarred,6.0,9.0,Vanderbilt,F,214.0,14,LAL,Los Angeles,81.0
4584,4584,4584,4584,4584,4584,4584,462,Moritz,6.0,11.0,Wagner,C,245.0,22,ORL,Orlando,83.0
4585,4585,4585,4585,4585,4585,4585,464,Lonnie,6.0,5.0,Walker IV,G,205.0,3,BKN,Brooklyn,77.0
4586,4586,4586,4586,4586,4586,4586,666950,P.J.,,,Washington,F,,4,CHA,Charlotte,
4587,4587,4587,4587,4587,4587,4587,480,Kenrich,6.0,7.0,Williams,G-F,210.0,21,OKC,Oklahoma City,79.0
4588,4588,4588,4588,4588,4588,4588,490,Trae,6.0,2.0,Young,G,180.0,1,ATL,Atlanta,74.0
4589,4589,4589,4589,4589,4589,4589,22,Deandre,7.0,1.0,Ayton,C,250.0,25,POR,Portland,85.0
4590,4590,4590,4590,4590,4590,4590,132,Luka,6.0,7.0,Doncic,F-G,218.0,7,DAL,Dallas,79.0
4591,4591,4591,4591,4591,4591,4591,370,Theo,6.0,6.0,Pinson,G-F,218.0,7,DAL,Dallas,78.0
4592,4592,4592,4592,4592,4592,4592,666442,Goga,,,Bitadze,C,,22,ORL,Orlando,
4593,4593,4593,4593,4593,4593,4593,666960,Lindell,,,Wigginton,G,,17,MIL,Milwaukee,
4609,4609,4609,4609,4609,4609,4609,666451,Bol,,,Bol,C,,24,PHX,Phoenix,
4610,4610,4610,4610,4610,4610,4610,666969,Zion,,,Williamson,F,,19,NOP,New Orleans,
4611,4611,4611,4611,4611,4611,4611,666423,RJ,,,Barrett,F-G,,20,NYK,New York,
4612,4612,4612,4612,4612,4612,4612,3547245,Tyrese,,,Haliburton,G,,12,IND,Indiana,
4613,4613,4613,4613,4613,4613,4613,3547253,Theo,,,Maledon,G,,4,CHA,Charlotte,
4614,4614,4614,4614,4614,4614,4614,3547275,Malachi,,,Flynn,G,,28,TOR,Toronto,
4615,4615,4615,4615,4615,4615,4615,3547276,Payton,,,Pritchard,G,,2,BOS,Boston,
4616,4616,4616,4616,4616,4616,4616,3547279,Lamar,,,Stevens,F,,2,BOS,Boston,
4617,4617,4617,4617,4617,4617,4617,3547285,Xavier,,,Tillman,F,,15,MEM,Memphis,
4618,4618,4618,4618,4618,4618,4618,3547298,Saben,,,Lee,G,,24,PHX,Phoenix,
4619,4619,4619,4619,4619,4619,4619,17896051,Joshua,,,Primo,G,,13,LAC,LA,
4620,4620,4620,4620,4620,4620,4620,17896055,Scottie,,,Barnes,G-F,,28,TOR,Toronto,
4621,4621,4621,4621,4621,4621,4621,17896067,Santi,,,Aldama,F,,15,MEM,Memphis,
4622,4622,4622,4622,4622,4622,4622,173,Taj,6.0,9.0,Gibson,F,232.0,30,WAS,Washington,81.0
4623,4623,4623,4623,4623,4623,4623,115,Stephen,6.0,3.0,Curry,G,190.0,10,GSW,Golden State,75.0
4624,4624,4624,4624,4624,4624,4624,125,DeMar,6.0,7.0,DeRozan,G,220.0,5,CHI,Chicago,79.0
4625,4625,4625,4625,4625,4625,4625,242,James,6.0,8.0,Johnson,F,240.0,12,IND,Indiana,80.0
4626,4626,4626,4626,4626,4626,4626,214,Jrue,6.0,4.0,Holiday,G,205.0,2,BOS,Boston,76.0
4627,4627,4627,4627,4627,4627,4627,236,Reggie,6.0,3.0,Jackson,G,208.0,8,DEN,Denver,75.0
4628,4628,4628,4628,4628,4628,4628,251,Cory,6.0,3.0,Joseph,G,193.0,10,GSW,Golden State,75.0
4629,4629,4629,4629,4629,4629,4629,79,Jimmy,6.0,8.0,Butler,G-F,232.0,16,MIA,Miami,80.0
4630,4630,4630,4630,4630,4630,4630,54,Bojan,6.0,8.0,Bogdanovic,F,216.0,9,DET,Detroit,80.0
4631,4631,4631,4631,4631,4631,4631,185,Draymond,6.0,7.0,Green,F,230.0,10,GSW,Golden State,79.0
4632,4632,4632,4632,4632,4632,4632,275,Meyers,7.0,1.0,Leonard,F-C,255.0,17,MIL,Milwaukee,85.0
4633,4633,4633,4633,4633,4633,4633,315,Khris,6.0,8.0,Middleton,F,222.0,17,MIL,Milwaukee,80.0
4634,4634,4634,4634,4634,4634,4634,304,T.J.,6.0,2.0,McConnell,G,190.0,12,IND,Indiana,74.0
4635,4635,4635,4635,4635,4635,4635,31,Will,6.0,6.0,Barton,G,190.0,28,TOR,Toronto,78.0
4636,4636,4636,4636,4636,4636,4636,120,Dewayne,7.0,0.0,Dedmon,C,245.0,23,PHI,Philadelphia,84.0
4637,4637,4637,4637,4637,4637,4637,129,Gorgui,6.0,11.0,Dieng,C,252.0,27,SAS,San Antonio,83.0
4638,4638,4638,4638,4638,4638,4638,249,Tyus,6.0,2.0,Jones,G,196.0,30,WAS,Washington,74.0
4639,4639,4639,4639,4639,4639,4639,487,Delon,6.0,5.0,Wright,G,183.0,30,WAS,Washington,77.0
4640,4640,4640,4640,4640,4640,4640,405,D'Angelo,6.0,5.0,Russell,G,198.0,14,LAL,Los Angeles,77.0
4641,4641,4641,4641,4641,4641,4641,447,Karl-Anthony,7.0,0.0,Towns,C,248.0,18,MIN,Minnesota,84.0
4642,4642,4642,4642,4642,4642,4642,217,Richaun,6.0,10.0,Holmes,F-C,235.0,7,DAL,Dallas,82.0
4643,4643,4643,4643,4643,4643,4643,272,Damion,6.0,6.0,Lee,G,210.0,24,PHX,Phoenix,78.0
4644,4644,4644,4644,4644,4644,4644,493,Ivica,7.0,1.0,Zubac,C,240.0,13,LAC,LA,85.0
4645,4645,4645,4645,4645,4645,4645,485,Justise,6.0,7.0,Winslow,F,225.0,25,POR,Portland,79.0
4646,4646,4646,4646,4646,4646,4646,158,Dorian,6.0,8.0,Finney-Smith,F,220.0,3,BKN,Brooklyn,80.0
4647,4647,4647,4647,4647,4647,4647,458,Fred,6.0,0.0,VanVleet,G,195.0,11,HOU,Houston,72.0
4648,4648,4648,4648,4648,4648,4648,2175,Danuel,6.0,7.0,House Jr.,,220.0,23,PHI,Philadelphia,79.0
4649,4649,4649,4649,4649,4649,4649,247,Derrick,6.0,7.0,Jones Jr.,F-G,200.0,7,DAL,Dallas,79.0
4650,4650,4650,4650,4650,4650,4650,199,Shaquille,6.0,4.0,Harrison,G,190.0,15,MEM,Memphis,76.0
4651,4651,4651,4651,4651,4651,4651,89,Alex,6.0,5.0,Caruso,G,186.0,5,CHI,Chicago,77.0
4652,4652,4652,4652,4652,4652,4652,165,Markelle,6.0,4.0,Fultz,G,200.0,22,ORL,Orlando,76.0
4654,4654,4654,4654,4654,4654,4654,161,De'Aaron,6.0,3.0,Fox,G,175.0,26,SAC,Sacramento,75.0
4655,4655,4655,4655,4655,4655,4655,434,Jayson,6.0,8.0,Tatum,F,208.0,2,BOS,Boston,80.0
4656,4656,4656,4656,4656,4656,4656,324,Malik,6.0,3.0,Monk,G,200.0,26,SAC,Sacramento,75.0
4657,4657,4657,4657,4657,4657,4657,229,Jonathan,6.0,10.0,Isaac,F,210.0,22,ORL,Orlando,82.0
4658,4658,4658,4658,4658,4658,4658,421,Dennis,6.0,3.0,Smith Jr.,G,195.0,3,BKN,Brooklyn,75.0
4659,4659,4659,4659,4659,4659,4659,347,Frank,6.0,6.0,Ntilikina,G,200.0,4,CHA,Charlotte,78.0
4660,4660,4660,4660,4660,4660,4660,297,Lauri,7.0,0.0,Markkanen,F,240.0,29,UTA,Utah,84.0
4661,4661,4661,4661,4661,4661,4661,322,Donovan,6.0,3.0,Mitchell,G,215.0,6,CLE,Cleveland,75.0
4663,4663,4663,4663,4663,4663,4663,194,Montrezl,6.0,8.0,Harrell,F-C,240.0,23,PHI,Philadelphia,80.0
4664,4664,4664,4664,4664,4664,4664,17896056,Luka,,,Garza,C,,18,MIN,Minnesota,
4665,4665,4665,4665,4665,4665,4665,44477062,Jamaree,,,Bouyea,G,,25,POR,Portland,
4666,4666,4666,4666,4666,4666,4666,17896071,Isaiah,,,Livers,F,,9,DET,Detroit,
4668,4668,4668,4668,4668,4668,4668,17896089,Duane,,,Washington Jr.,G,,20,NYK,New York,
4669,4669,4669,4669,4669,4669,4669,450,PJ,6.0,6.0,Tucker,F,245.0,13,LAC,LA,78.0
4670,4670,4670,4670,4670,4670,4670,188,Jeff,6.0,9.0,Green,F,235.0,11,HOU,Houston,81.0
4671,4671,4671,4671,4671,4671,4671,489,Thaddeus,6.0,8.0,Young,F,221.0,28,TOR,Toronto,80.0
4672,4672,4672,4672,4672,4672,4672,401,Derrick,6.0,3.0,Rose,G,200.0,15,MEM,Memphis,75.0
4673,4673,4673,4673,4673,4673,4673,472,Russell,6.0,3.0,Westbrook,G,200.0,13,LAC,LA,75.0
4674,4674,4674,4674,4674,4674,4674,45,Patrick,6.0,1.0,Beverley,G,185.0,23,PHI,Philadelphia,73.0
4675,4675,4675,4675,4675,4675,4675,184,Danny,6.0,6.0,Green,G-F,215.0,23,PHI,Philadelphia,78.0
4676,4676,4676,4676,4676,4676,4676,319,Patty,6.0,0.0,Mills,G,180.0,1,ATL,Atlanta,72.0
4677,4677,4677,4677,4677,4677,4677,436,Garrett,6.0,6.0,Temple,G-F,195.0,28,TOR,Toronto,78.0
4678,4678,4678,4678,4678,4678,4678,301,Wesley,,,Matthews,G-F,,1,ATL,Atlanta,
4679,4679,4679,4679,4679,4679,4679,204,Gordon,6.0,8.0,Hayward,F,225.0,4,CHA,Charlotte,80.0
4680,4680,4680,4680,4680,4680,4680,172,Paul,6.0,9.0,George,F,220.0,13,LAC,LA,81.0
4681,4681,4681,4681,4681,4681,4681,228,Kyrie,6.0,3.0,Irving,G,193.0,7,DAL,Dallas,75.0
4682,4682,4682,4682,4682,4682,4682,444,Tristan,6.0,10.0,Thompson,C-F,238.0,6,CLE,Cleveland,82.0
4683,4683,4683,4683,4683,4683,4683,48,Bismack,6.0,9.0,Biyombo,C,255.0,15,MEM,Memphis,81.0
4684,4684,4684,4684,4684,4684,4684,31890572,Gabe,,,York,G,,12,IND,Indiana,
4685,4685,4685,4685,4685,4685,4685,443,Klay,6.0,7.0,Thompson,G,215.0,10,GSW,Golden State,79.0
4686,4686,4686,4686,4686,4686,4686,328,Marcus,6.0,9.0,Morris,F,235.0,23,PHI,Philadelphia,81.0
4687,4687,4687,4687,4687,4687,4687,274,Kawhi,6.0,7.0,Leonard,F,230.0,13,LAC,LA,79.0
4688,4688,4688,4688,4688,4688,4688,460,Nikola,7.0,0.0,Vucevic,C,260.0,5,CHI,Chicago,84.0
4689,4689,4689,4689,4689,4689,4689,200,Tobias,6.0,9.0,Harris,F,235.0,23,PHI,Philadelphia,81.0
4690,4690,4690,4690,4690,4690,4690,254,Luke,6.0,5.0,Kennard,G,206.0,15,MEM,Memphis,77.0
4691,4691,4691,4691,4691,4691,4691,102,Zach,7.0,0.0,Collins,F-C,235.0,27,SAS,San Antonio,84.0
4692,4692,4692,4692,4692,4692,4692,101,John,6.0,10.0,Collins,F-C,235.0,29,UTA,Utah,82.0
4693,4693,4693,4693,4693,4693,4693,18,OG,6.0,8.0,Anunoby,F,232.0,28,TOR,Toronto,80.0
4708,4708,4708,4708,4708,4708,4708,9,Jarrett,6.0,11.0,Allen,C,237.0,6,CLE,Cleveland,83.0
4709,4709,4709,4709,4709,4709,4709,4,Bam,6.0,10.0,Adebayo,C-F,255.0,16,MIA,Miami,82.0
4710,4710,4710,4710,4710,4710,4710,201,Isaiah,7.0,0.0,Hartenstein,F-C,249.0,20,NYK,New York,84.0
4711,4711,4711,4711,4711,4711,4711,265,Kyle,6.0,9.0,Kuzma,F,220.0,30,WAS,Washington,81.0
4712,4712,4712,4712,4712,4712,4712,473,Derrick,6.0,4.0,White,G,190.0,2,BOS,Boston,76.0
4713,4713,4713,4713,4713,4713,4713,17896036,Tre,,,Mann,G,,21,OKC,Oklahoma City,
4714,4714,4714,4714,4714,4714,4714,17896037,James,,,Bouknight,G,,4,CHA,Charlotte,
4715,4715,4715,4715,4715,4715,4715,17896038,Day'Ron,,,Sharpe,C,,3,BKN,Brooklyn,
4716,4716,4716,4716,4716,4716,4716,18678001,JT,,,Thor,F,,4,CHA,Charlotte,
4718,4718,4718,4718,4718,4718,4718,38017693,Blake,,,Wesley,G,,27,SAS,San Antonio,
4721,4721,4721,4721,4721,4721,4721,171,Rudy,6.0,8.0,Gay,F,230.0,29,UTA,Utah,80.0
4722,4722,4722,4722,4722,4722,4722,286,Kyle,6.0,1.0,Lowry,G,196.0,16,MIA,Miami,73.0
4723,4723,4723,4723,4723,4723,4723,202,Josh,6.0,5.0,Hart,G,215.0,20,NYK,New York,77.0
4724,4724,4724,4724,4724,4724,4724,135,PJ,6.0,6.0,Dozier,G-F,205.0,26,SAC,Sacramento,78.0
4725,4725,4725,4725,4725,4725,4725,666786,Ja,,,Morant,G,,15,MEM,Memphis,
4726,4726,4726,4726,4726,4726,4726,666656,De'Andre,,,Hunter,F,,1,ATL,Atlanta,
4727,4727,4727,4727,4727,4727,4727,666956,Coby,,,White,G,,5,CHI,Chicago,
4728,4728,4728,4728,4728,4728,4728,666505,Brandon,,,Clarke,F,,15,MEM,Memphis,
4729,4729,4729,4729,4729,4729,4729,38017665,Darius,,,Days,F,,11,HOU,Houston,
4730,4730,4730,4730,4730,4730,4730,666581,Darius,,,Garland,G,,6,CLE,Cleveland,
4731,4731,4731,4731,4731,4731,4731,666626,Jaxson,,,Hayes,C,,14,LAL,Los Angeles,
4732,4732,4732,4732,4732,4732,4732,666400,Nickeil,,,Alexander-Walker,G,,18,MIN,Minnesota,
4733,4733,4733,4733,4733,4733,4733,666633,Tyler,,,Herro,G,,16,MIA,Miami,
4734,4734,4734,4734,4734,4734,4734,666682,Keldon,,,Johnson,F,,27,SAS,San Antonio,
4735,4735,4735,4735,4735,4735,4735,666818,Chuma,,,Okeke,F,,22,ORL,Orlando,
4736,4736,4736,4736,4736,4736,4736,17895854,Charles,,,Bassey,G,,27,SAS,San Antonio,
4737,4737,4737,4737,4737,4737,4737,3547241,Killian,,,Hayes,G,,9,DET,Detroit,
4738,4738,4738,4738,4738,4738,4738,3547242,Deni,,,Avdija,F,,30,WAS,Washington,
4739,4739,4739,4739,4739,4739,4739,3547243,Obi,,,Toppin,F,,12,IND,Indiana,
4740,4740,4740,4740,4740,4740,4740,3547244,Onyeka,,,Okongwu,F-C,,1,ATL,Atlanta,
4741,4741,4741,4741,4741,4741,4741,17553983,Trevelin,,,Queen,G,,22,ORL,Orlando,
4742,4742,4742,4742,4742,4742,4742,17896040,Jalen,,,Johnson,F,,1,ATL,Atlanta,
4743,4743,4743,4743,4743,4743,4743,17896044,Kessler,,,Edwards,F,,26,SAC,Sacramento,
4744,4744,4744,4744,4744,4744,4744,17553994,Davion,,,Mitchell,G,,26,SAC,Sacramento,
4745,4745,4745,4745,4745,4745,4745,666713,Romeo,,,Langford,G,,27,SAS,San Antonio,
4746,4746,4746,4746,4746,4746,4746,17553995,Austin,,,Reaves,G,,14,LAL,Los Angeles,
4747,4747,4747,4747,4747,4747,4747,666849,Kevin,,,Porter Jr.,G,,11,HOU,Houston,
4748,4748,4748,4748,4748,4748,4748,17896048,Cam,,,Thomas,G,,3,BKN,Brooklyn,
4749,4749,4749,4749,4749,4749,4749,666429,Darius,,,Bazley,F,,24,PHX,Phoenix,
4750,4750,4750,4750,4750,4750,4750,17896070,Usman,,,Garuba,F,,10,GSW,Golden State,
4751,4751,4751,4751,4751,4751,4751,17896073,Jalen,,,Suggs,G,,22,ORL,Orlando,
4752,4752,4752,4752,4752,4752,4752,38017687,Johnny,,,Davis,G,,30,WAS,Washington,
4753,4753,4753,4753,4753,4753,4753,38017688,Keegan,,,Murray,F,,26,SAC,Sacramento,
4754,4754,4754,4754,4754,4754,4754,38017689,AJ,,,Griffin,F,,1,ATL,Atlanta,
4755,4755,4755,4755,4755,4755,4755,38017690,Shaedon,,,Sharpe,G,,25,POR,Portland,
4756,4756,4756,4756,4756,4756,4756,46658323,Xavier,,,Cooks,,,30,WAS,Washington,
4757,4757,4757,4757,4757,4757,4757,38017691,TyTy,,,Washington Jr.,G,,17,MIL,Milwaukee,
4758,4758,4758,4758,4758,4758,4758,44477085,Quenton,,,Jackson,G,,30,WAS,Washington,
4759,4759,4759,4759,4759,4759,4759,38017692,Malaki,,,Branham,F,,27,SAS,San Antonio,
4760,4760,4760,4760,4760,4760,4760,38017695,Tari,,,Eason,F,,11,HOU,Houston,
4761,4761,4761,4761,4761,4761,4761,38017696,Nikola,,,Jovic,F,,16,MIA,Miami,
4762,4762,4762,4762,4762,4762,4762,38017697,Max,,,Christie,G,,14,LAL,Los Angeles,
4763,4763,4763,4763,4763,4763,4763,38017698,Mark,,,Williams,C,,4,CHA,Charlotte,
4764,4764,4764,4764,4764,4764,4764,38017699,Jeremy,,,Sochan,F,,27,SAS,San Antonio,
4780,4780,4780,4780,4780,4780,4780,38017700,Wendell,,,Moore Jr.,G,,18,MIN,Minnesota,
4781,4781,4781,4781,4781,4781,4781,38017701,Kendall,,,Brown,G,,12,IND,Indiana,
4782,4782,4782,4782,4782,4782,4782,38017703,Jalen,,,Williams,G-F,,21,OKC,Oklahoma City,
4802,4802,4802,4802,4802,4802,4802,38017730,Dominick,,,Barlow,F,,27,SAS,San Antonio,
4853,4853,4853,4853,4853,4853,4853,44,Davis,6.0,10.0,Bertans,F,225.0,21,OKC,Oklahoma City,82.0
4854,4854,4854,4854,4854,4854,4854,117,Anthony,6.0,10.0,Davis,F-C,253.0,14,LAL,Los Angeles,82.0
4855,4855,4855,4855,4855,4855,4855,37,Bradley,6.0,5.0,Beal,G,207.0,24,PHX,Phoenix,77.0
4856,4856,4856,4856,4856,4856,4856,278,Damian,6.0,3.0,Lillard,G,195.0,17,MIL,Milwaukee,75.0
4857,4857,4857,4857,4857,4857,4857,137,Andre,6.0,11.0,Drummond,C,279.0,5,CHI,Chicago,83.0
4858,4858,4858,4858,4858,4858,4858,187,JaMychal,6.0,9.0,Green,F,227.0,10,GSW,Golden State,81.0
4859,4859,4859,4859,4859,4859,4859,30,Harrison,6.0,8.0,Barnes,F,225.0,26,SAC,Sacramento,80.0
4864,4864,4864,4864,4864,4864,4864,86,Michael,,,Carter-Williams,G,,22,ORL,Orlando,
4888,4888,4888,4888,4888,4888,4888,160,Evan,6.0,7.0,Fournier,G-F,205.0,20,NYK,New York,79.0
4889,4889,4889,4889,4889,4889,4889,112,Jae,6.0,6.0,Crowder,F,235.0,17,MIL,Milwaukee,78.0
4890,4890,4890,4890,4890,4890,4890,215,Justin,6.0,6.0,Holiday,F-G,181.0,8,DEN,Denver,78.0
4891,4891,4891,4891,4891,4891,4891,273,Alex,7.0,1.0,Len,C,250.0,26,SAC,Sacramento,85.0
4892,4892,4892,4892,4892,4892,4892,345,Nerlens,6.0,11.0,Noel,F-C,220.0,3,BKN,Brooklyn,83.0
4898,4898,4898,4898,4898,4898,4898,303,CJ,6.0,3.0,McCollum,G,190.0,19,NOP,New Orleans,75.0
4900,4900,4900,4900,4900,4900,4900,491,Cody,7.0,0.0,Zeller,C,240.0,19,NOP,New Orleans,84.0
4902,4902,4902,4902,4902,4902,4902,44477024,Stanley,,,Umude,G,,9,DET,Detroit,
4905,4905,4905,4905,4905,4905,4905,402,Terrence,6.0,7.0,Ross,G-F,206.0,24,PHX,Phoenix,79.0
4909,4909,4909,4909,4909,4909,4909,393,Austin,6.0,4.0,Rivers,G,200.0,18,MIN,Minnesota,76.0
4915,4915,4915,4915,4915,4915,4915,455,Jonas,7.0,0.0,Valanciunas,C,265.0,19,NOP,New Orleans,84.0
4916,4916,4916,4916,4916,4916,4916,337,Mike,6.0,11.0,Muscala,F-C,240.0,30,WAS,Washington,83.0
4917,4917,4917,4917,4917,4917,4917,376,Otto,6.0,8.0,Porter Jr.,F,198.0,28,TOR,Toronto,80.0
4918,4918,4918,4918,4918,4918,4918,75,Reggie,6.0,7.0,Bullock,G-F,205.0,11,HOU,Houston,79.0
4919,4919,4919,4919,4919,4919,4919,108,Robert,6.0,9.0,Covington,F,225.0,23,PHI,Philadelphia,81.0
4920,4920,4920,4920,4920,4920,4920,176,Rudy,7.0,1.0,Gobert,C,245.0,18,MIN,Minnesota,85.0
4921,4921,4921,4921,4921,4921,4921,19,Ryan,6.0,3.0,Arcidiacono,G,200.0,20,NYK,New York,75.0
4922,4922,4922,4922,4922,4922,4922,313,De'Anthony,6.0,4.0,Melton,G,200.0,23,PHI,Philadelphia,76.0
4924,4924,4924,4924,4924,4924,4924,314,Chimezie,6.0,10.0,Metu,F,225.0,24,PHX,Phoenix,82.0
4925,4925,4925,4925,4925,4925,4925,320,Shake,6.0,6.0,Milton,G,207.0,18,MIN,Minnesota,78.0
4926,4926,4926,4926,4926,4926,4926,338,Svi,6.0,8.0,Mykhailiuk,G,205.0,2,BOS,Boston,80.0
4927,4927,4927,4927,4927,4927,4927,356,Josh,6.0,4.0,Okogie,G,212.0,24,PHX,Phoenix,76.0
4928,4928,4928,4928,4928,4928,4928,375,Michael,6.0,10.0,Porter Jr.,F,210.0,8,DEN,Denver,82.0
4929,4929,4929,4929,4929,4929,4929,3547246,Devin,,,Vassell,G-F,,27,SAS,San Antonio,
4930,4930,4930,4930,4930,4930,4930,3547247,Isaac,,,Okoro,F-G,,6,CLE,Cleveland,
4931,4931,4931,4931,4931,4931,4931,3547248,Patrick,,,Williams,F,,5,CHI,Chicago,
4932,4932,4932,4932,4932,4932,4932,390,Davon,6.0,5.0,Reed,G,208.0,14,LAL,Los Angeles,77.0
4933,4933,4933,4933,4933,4933,4933,3547249,Precious,,,Achiuwa,F,,28,TOR,Toronto,
4936,4936,4936,4936,4936,4936,4936,3547250,Aaron,,,Nesmith,G-F,,12,IND,Indiana,
4937,4937,4937,4937,4937,4937,4937,3547264,Jalen,,,Smith,F-C,,12,IND,Indiana,
4938,4938,4938,4938,4938,4938,4938,3547267,Isaiah,,,Stewart,F-C,,9,DET,Detroit,
4940,4940,4940,4940,4940,4940,4940,3547268,Zeke,,,Nnaji,F-C,,8,DEN,Denver,
4941,4941,4941,4941,4941,4941,4941,3547269,Immanuel,,,Quickley,G,,20,NYK,New York,
4942,4942,4942,4942,4942,4942,4942,3547270,Paul,,,Reed,F,,23,PHI,Philadelphia,
4943,4943,4943,4943,4943,4943,4943,3547271,Aleksej,,,Pokusevski,C,,21,OKC,Oklahoma City,
4944,4944,4944,4944,4944,4944,4944,3547272,Isaiah,,,Joe,G,,21,OKC,Oklahoma City,
4945,4945,4945,4945,4945,4945,4945,3547274,Tre,,,Jones,G,,27,SAS,San Antonio,
4961,4961,4961,4961,4961,4961,4961,123,Matthew,6.0,4.0,Dellavedova,G,200.0,26,SAC,Sacramento,76.0
4962,4962,4962,4962,4962,4962,4962,343,Raul,6.0,1.0,Neto,G,179.0,6,CLE,Cleveland,73.0
4963,4963,4963,4963,4963,4963,4963,666692,Mfiondu,,,Kabengele,F,,2,BOS,Boston,
4964,4964,4964,4964,4964,4964,4964,666698,Louis,,,King,F,,23,PHI,Philadelphia,
4965,4965,4965,4965,4965,4965,4965,17896039,Justin,,,Champagnie,F,,2,BOS,Boston,
4966,4966,4966,4966,4966,4966,4966,17896042,Jason,,,Preston,G,,13,LAC,LA,
4968,4968,4968,4968,4968,4968,4968,17896049,David,,,Duke Jr.,G,,3,BKN,Brooklyn,
4969,4969,4969,4969,4969,4969,4969,17896052,RaiQuan,,,Gray,F,,3,BKN,Brooklyn,
4971,4971,4971,4971,4971,4971,4971,77,Alec,6.0,6.0,Burks,G,214.0,9,DET,Detroit,78.0
4972,4972,4972,4972,4972,4972,4972,329,Markieff,,,Morris,F,,7,DAL,Dallas,
4973,4973,4973,4973,4973,4973,4973,3,Steven,7.0,0.0,Adams,C,265.0,15,MEM,Memphis,84.0
4974,4974,4974,4974,4974,4974,4974,191,Tim,6.0,6.0,Hardaway Jr.,G,205.0,7,DAL,Dallas,78.0
4977,4977,4977,4977,4977,4977,4977,357,Victor,6.0,4.0,Oladipo,G,210.0,11,HOU,Houston,76.0
4978,4978,4978,4978,4978,4978,4978,15,Giannis,6.0,11.0,Antetokounmpo,F,242.0,17,MIL,Milwaukee,83.0
4979,4979,4979,4979,4979,4979,4979,114,Seth,6.0,2.0,Curry,G,185.0,7,DAL,Dallas,74.0
4980,4980,4980,4980,4980,4980,4980,666541,Luguentz,,,Dort,G,,21,OKC,Oklahoma City,
4981,4981,4981,4981,4981,4981,4981,666577,Daniel,,,Gafford,F,,30,WAS,Washington,
4982,4982,4982,4982,4982,4982,4982,17895858,Quentin,,,Grimes,G,,20,NYK,New York,
4983,4983,4983,4983,4983,4983,4983,666650,Talen,,,Horton-Tucker,G,,29,UTA,Utah,
4984,4984,4984,4984,4984,4984,4984,307,Rodney,6.0,4.0,McGruder,F-G,200.0,9,DET,Detroit,76.0
4985,4985,4985,4985,4985,4985,4985,2148,Thanasis,,,Antetokounmpo,,,17,MIL,Milwaukee,
4986,4986,4986,4986,4986,4986,4986,3547282,Nick,,,Richards,C,,4,CHA,Charlotte,
4987,4987,4987,4987,4987,4987,4987,11891374,Omer,,,Yurtseven,C,,29,UTA,Utah,
4988,4988,4988,4988,4988,4988,4988,17896059,Sandro,,,Mamukelashvili,F,,27,SAS,San Antonio,
4989,4989,4989,4989,4989,4989,4989,17896060,Sam,,,Hauser,F,,2,BOS,Boston,
4990,4990,4990,4990,4990,4990,4990,38017649,Julian,,,Champagnie,F,,27,SAS,San Antonio,
4991,4991,4991,4991,4991,4991,4991,17896062,Alperen,,,Sengun,F-C,,11,HOU,Houston,
4992,4992,4992,4992,4992,4992,4992,17896063,Jericho,,,Sims,F,,20,NYK,New York,
4993,4993,4993,4993,4993,4993,4993,17896065,Josh,,,Giddey,G,,21,OKC,Oklahoma City,
4994,4994,4994,4994,4994,4994,4994,17896064,Joe,,,Wieskamp,G-F,,28,TOR,Toronto,
5062,5062,5062,5062,5062,5062,5062,268,Zach,6.0,5.0,LaVine,G,200.0,5,CHI,Chicago,77.0
5063,5063,5063,5063,5063,5063,5063,100,Jordan,6.0,5.0,Clarkson,G,194.0,29,UTA,Utah,77.0
5064,5064,5064,5064,5064,5064,5064,32,Keita,6.0,9.0,Bates-Diop,F,229.0,24,PHX,Phoenix,81.0
5065,5065,5065,5065,5065,5065,5065,61,Mikal,6.0,7.0,Bridges,F,210.0,3,BKN,Brooklyn,79.0
5066,5066,5066,5066,5066,5066,5066,69,Bruce,6.0,5.0,Brown,G,202.0,12,IND,Indiana,77.0
5067,5067,5067,5067,5067,5067,5067,666747,Caleb,,,Martin,F,,16,MIA,Miami,
5068,5068,5068,5068,5068,5068,5068,38017718,Buddy,,,Boeheim,F,,9,DET,Detroit,
5070,5070,5070,5070,5070,5070,5070,38017720,Trevor,,,Keels,G,,20,NYK,New York,
5071,5071,5071,5071,5071,5071,5071,666729,Nassir,,,Little,F,,24,PHX,Phoenix,
5072,5072,5072,5072,5072,5072,5072,38017722,Tyrese,,,Martin,G,,1,ATL,Atlanta,
5074,5074,5074,5074,5074,5074,5074,17553992,Moses,,,Moody,G,,10,GSW,Golden State,
5075,5075,5075,5075,5075,5075,5075,17896035,Isaiah,,,Jackson,F,,12,IND,Indiana,
5077,5077,5077,5077,5077,5077,5077,17896075,Cade,,,Cunningham,G-F,,9,DET,Detroit,
5078,5078,5078,5078,5078,5078,5078,17896076,Evan,,,Mobley,F-C,,6,CLE,Cleveland,
5082,5082,5082,5082,5082,5082,5082,17896078,Aaron,,,Wiggins,G,,21,OKC,Oklahoma City,
5083,5083,5083,5083,5083,5083,5083,38017662,Isaiah,,,Mobley,F,,6,CLE,Cleveland,
5087,5087,5087,5087,5087,5087,5087,17896094,Dalano,,,Banton,G,,2,BOS,Boston,
5088,5088,5088,5088,5088,5088,5088,17896097,Jose,,,Alvarado,G,,19,NOP,New Orleans,
5089,5089,5089,5089,5089,5089,5089,17554004,AJ,,,Lawson,G,,7,DAL,Dallas,
5091,5091,5091,5091,5091,5091,5091,17896103,Jay,,,Huff,F-C,,8,DEN,Denver,
5092,5092,5092,5092,5092,5092,5092,17896106,Eugene,,,Omoruyi,F,,30,WAS,Washington,
5093,5093,5093,5093,5093,5093,5093,17896116,Terry,,,Taylor,G,,5,CHI,Chicago,
5094,5094,5094,5094,5094,5094,5094,17896120,Ish,,,Wainright,F,,25,POR,Portland,
5095,5095,5095,5095,5095,5095,5095,18678058,Jordan,,,Goodwin,,,24,PHX,Phoenix,
5097,5097,5097,5097,5097,5097,5097,38017694,Jalen,,,Duren,C,,9,DET,Detroit,
5098,5098,5098,5098,5098,5098,5098,17896099,Carlik,,,Jones,G,,5,CHI,Chicago,
5099,5099,5099,5099,5099,5099,5099,17554005,Mac,,,McClung,G,,23,PHI,Philadelphia,
