,game_id,team_id,points,opponent_points,postseason
2532,858534,1,123,105,False
1847,858116,1,125,129,False
791,857528,1,104,95,False
790,857516,1,119,125,False
2753,891700,1,99,112,True
125,857392,1,109,126,False
1100,858433,1,129,107,False
1875,857470,1,112,99,False
1692,857543,1,109,121,False
1897,857734,1,116,120,False
2412,858341,1,122,120,False
354,857492,1,124,121,False
2759,892495,1,106,119,True
62,858232,1,101,122,False
1093,858366,1,125,134,False
721,857751,1,123,122,False
718,857619,1,115,106,False
922,857979,1,105,114,False
258,858266,1,129,127,False
933,858249,1,136,119,False
695,857570,1,101,126,False
108,857380,1,108,98,False
2001,857904,1,141,143,False
1924,858148,1,108,128,False
940,858303,1,129,111,False
1845,858079,1,137,132,False
908,857875,1,107,108,False
881,858052,1,118,122,False
2481,858354,1,114,107,False
2477,858326,1,128,130,False
2500,858508,1,107,124,False
303,857810,1,126,125,False
1725,857861,1,114,129,False
1766,858216,1,138,144,False
895,857712,1,114,121,False
1770,857430,1,136,112,False
845,858207,1,125,106,False
162,858232,1,101,122,False
2445,858314,1,109,117,False
2739,890550,1,116,105,False
1789,857603,1,102,114,False
1156,858544,1,134,116,False
2440,858574,1,114,120,False
1714,857721,1,89,113,False
1518,857758,1,103,128,False
1793,857654,1,101,104,False
1805,857784,1,125,106,False
1708,857668,1,125,108,False
1104,858474,1,119,123,False
1152,858558,1,131,136,False
2006,857944,1,114,130,False
1087,857360,1,117,107,False
208,857824,1,108,110,False
25,857392,1,109,126,False
2559,858417,1,118,126,False
985,858280,1,116,119,False
2285,857455,1,109,139,False
1349,892502,1,130,122,True
2283,857438,1,115,123,False
2678,857991,1,113,111,False
1007,858461,1,143,130,False
555,857644,1,98,106,False
500,858011,1,121,113,False
1622,857770,1,124,135,False
2188,858446,1,124,125,False
544,857589,1,124,122,False
8,857380,1,108,98,False
1618,857758,1,103,128,False
2213,857558,1,121,106,False
1318,858406,1,127,119,False
1284,858045,1,139,124,False
2252,857958,1,112,108,False
2087,858171,1,107,116,False
1354,892507,1,121,129,True
1740,857996,1,114,103,False
650,857681,1,117,109,False
1232,857842,1,130,105,False
950,858377,1,115,136,False
2035,858123,1,132,100,False
2293,857632,1,122,128,False
2585,857419,1,118,113,False
2034,858139,1,115,108,False
1363,892517,1,120,128,True
237,858102,1,113,120,False
963,858484,1,120,118,False
669,858185,1,116,107,False
2778,892512,1,119,117,True
2302,858065,1,100,111,False
1236,857889,1,121,130,False
967,858524,1,132,130,False
2083,857929,1,120,117,False
459,857503,1,117,98,False
2688,858031,1,130,122,False
1020,858574,2,120,114,False
945,858343,2,115,93,False
1613,857702,2,103,92,False
1719,857765,2,122,118,False
1605,857605,2,107,121,False
213,857860,2,126,102,False
898,857786,2,109,117,False
1016,858545,2,97,93,False
2238,857761,2,93,113,False
262,857428,2,123,132,False
1006,858457,2,120,95,False
2611,857493,2,133,118,False
2513,858366,2,134,125,False
223,857975,2,125,114,False
909,857827,2,112,117,False
1716,857744,2,107,123,False
1677,858260,2,110,107,False
1831,858017,2,130,118,False
1745,858049,2,106,104,False
2352,858246,2,142,138,False
668,858183,2,106,99,False
2334,857903,2,111,123,False
654,857847,2,139,118,False
1298,858195,2,127,116,False
2058,857579,2,117,109,False
636,857667,2,134,121,False
468,857620,2,125,112,False
471,857653,2,140,105,False
613,858096,2,125,121,False
2288,857506,2,109,106,False
600,858316,2,129,131,False
2115,857570,2,126,101,False
2281,857465,2,113,114,False
560,857680,2,116,120,False
2272,858273,2,94,109,False
2186,858416,2,117,118,False
2255,857984,2,109,98,False
510,858228,2,127,109,False
536,857513,2,128,112,False
2234,857709,2,116,110,False
679,858290,2,117,113,False
2007,857945,2,121,116,False
2005,857930,2,124,95,False
690,857479,2,123,119,False
856,858307,2,105,115,False
1762,858165,2,111,99,False
1767,858224,2,125,131,False
2468,858535,2,101,103,False
2453,858376,2,109,111,False
330,858089,2,117,120,False
333,858128,2,139,96,False
831,857961,2,107,99,False
345,858210,2,119,109,False
2432,858501,2,140,99,False
2491,858434,2,132,109,False
1819,857916,2,117,150,False
359,857533,2,131,112,False
1868,858403,2,126,112,False
365,857648,2,130,121,False
1882,857540,2,117,108,False
2410,858328,2,114,118,False
386,857801,2,92,95,False
734,857835,2,121,109,False
711,857555,2,126,122,False
707,858142,2,94,106,False
1984,857727,2,125,98,False
2430,858487,2,111,130,False
1046,858506,2,122,114,False
1419,1007828,2,84,103,True
2667,858066,2,98,113,False
1143,858468,2,137,93,False
2801,972857,2,114,102,True
1534,857385,2,126,120,False
1434,857385,2,126,120,False
1429,857375,2,111,104,False
1379,972853,2,115,119,True
1529,857375,2,111,104,False
1558,857402,2,102,120,False
1339,892495,2,119,106,True
1410,1007816,2,116,123,True
1412,1007818,2,105,111,True
1358,892512,2,117,119,True
1513,857702,2,103,92,False
1417,1007824,2,110,97,True
1505,857605,2,107,121,False
2810,972866,2,95,86,True
2805,972860,2,115,116,True
2838,1007826,2,104,103,True
1135,858560,2,121,102,False
1269,858034,2,121,118,False
2764,858390,2,104,102,False
1333,891700,2,112,99,True
2836,1007822,2,116,99,True
1210,857634,2,122,104,False
2774,892507,2,129,121,True
1458,857402,2,102,120,False
1397,972869,2,112,88,True
2695,858069,2,95,98,False
1055,857448,2,112,94,False
2783,892517,2,128,120,True
2834,1007820,2,102,128,True
2684,858000,2,122,106,False
1380,972856,2,121,87,True
1172,857881,2,116,110,False
2769,892502,2,122,130,True
1389,972863,2,103,115,True
1169,857355,2,126,117,False
926,858008,3,102,112,False
2698,858042,3,117,106,False
1916,857951,3,102,101,False
56,858163,3,116,124,False
1923,858033,3,112,117,False
1507,857622,3,112,98,False
1509,857629,3,117,128,False
1680,858288,3,118,142,False
897,857722,3,122,116,False
910,857841,3,118,100,False
692,857451,3,116,109,False
1713,857785,3,119,116,False
2380,858466,3,129,100,False
1955,857487,3,98,94,False
876,857657,3,109,102,False
285,857646,3,111,97,False
2743,890554,3,101,121,True
1811,857857,3,125,117,False
340,858149,3,125,123,False
93,857702,3,92,103,False
835,857984,3,98,109,False
1782,857577,3,109,107,False
1780,857538,3,110,95,False
2447,858335,3,118,96,False
2745,858381,3,107,121,False
2450,858352,3,124,123,False
1465,857417,3,99,110,False
2463,858469,3,106,119,False
357,857520,3,112,85,False
1469,858055,3,120,116,False
1188,857441,3,116,125,False
1854,858255,3,87,131,False
1871,857476,3,128,86,False
1473,858077,3,133,137,False
304,857828,3,143,113,False
1184,858172,3,112,116,False
780,858564,3,101,84,False
776,858519,3,111,110,False
1187,857458,3,99,108,False
1753,858128,3,96,139,False
2757,892493,3,84,96,True
107,857371,3,109,105,False
2415,858369,3,122,120,False
1790,857612,3,106,115,False
375,857685,3,114,105,False
1123,858431,3,109,115,False
1174,857420,3,125,129,False
1678,858266,3,127,129,False
249,858186,3,116,105,False
937,858282,3,104,118,False
2366,858351,3,113,118,False
1565,857417,3,99,110,False
1249,858086,3,122,130,False
477,857734,3,120,116,False
2621,857552,3,103,116,False
1351,892504,3,88,96,True
1252,858103,3,122,115,False
1253,858115,3,121,104,False
193,857702,3,92,103,False
1346,892499,3,97,102,True
2276,858307,3,115,105,False
2146,857757,3,112,100,False
2079,857918,3,112,121,False
557,857666,3,113,107,False
1569,858055,3,120,116,False
1626,857805,3,124,121,False
1573,858077,3,133,137,False
2640,857746,3,136,133,False
507,858200,3,98,101,False
7,857371,3,109,105,False
156,858163,3,116,124,False
1026,858322,3,102,86,False
1609,857629,3,117,128,False
1607,857622,3,112,98,False
2659,857894,3,123,106,False
1053,857359,3,108,130,False
1002,858424,3,102,108,False
466,857597,3,127,115,False
1241,857913,3,139,103,False
952,858400,3,96,101,False
421,858229,3,116,105,False
1556,857404,3,124,134,False
1672,858217,3,106,124,False
2029,858543,3,123,108,False
1080,858508,3,124,107,False
2337,857939,3,108,102,False
2051,857560,3,121,153,False
2328,857875,3,108,107,False
958,858450,3,114,116,False
2686,858019,3,98,106,False
964,858498,3,123,114,False
2049,857509,3,94,96,False
1456,857404,3,124,134,False
968,858536,3,102,107,False
973,858577,3,105,134,False
640,857627,4,110,108,False
1445,857392,4,126,109,False
351,857437,4,120,113,False
381,857733,4,102,121,False
411,858017,4,118,130,False
1989,857830,4,105,126,False
6,857379,4,112,124,False
346,858216,4,144,138,False
344,858206,4,105,119,False
1192,857454,4,108,115,False
2348,858028,4,122,117,False
2308,858135,4,98,114,False
1216,857694,4,96,105,False
54,858085,4,111,96,False
2310,858122,4,115,124,False
535,857487,4,94,98,False
2244,857846,4,134,130,False
2000,857934,4,138,109,False
1224,857776,4,134,141,False
341,858160,4,113,119,False
1330,858425,4,115,109,False
1272,858106,4,122,117,False
374,857706,4,117,119,False
371,857616,4,107,101,False
2105,858331,4,112,105,False
1891,857653,4,105,140,False
1239,857894,4,106,123,False
2045,857541,4,115,132,False
2317,857722,4,116,122,False
1958,857526,4,112,117,False
356,857502,4,100,108,False
364,857567,4,113,125,False
396,857879,4,121,113,False
2331,857868,4,105,110,False
1904,857799,4,115,119,False
1264,858000,4,106,122,False
401,857923,4,107,131,False
2063,857806,4,125,119,False
460,857515,4,95,105,False
2269,858254,4,121,113,False
2301,858052,4,122,118,False
385,857784,4,106,125,False
811,857686,4,117,116,False
986,858295,4,91,105,False
1759,858144,4,112,118,False
978,858230,4,120,110,False
997,858383,4,104,120,False
106,857379,4,112,124,False
2625,857584,4,122,132,False
1645,857981,4,114,124,False
1735,857954,4,111,116,False
2622,857559,4,112,105,False
1562,857414,4,131,134,False
219,857910,4,115,121,False
1000,858408,4,82,121,False
988,858302,4,106,117,False
2498,858488,4,137,134,False
2718,858195,4,116,127,False
1727,857854,4,113,124,False
1717,857750,4,113,131,False
2610,857432,4,93,113,False
984,858276,4,117,106,False
1652,858064,4,102,120,False
2682,857971,4,120,132,False
1111,858520,4,108,128,False
2601,857366,4,129,102,False
1083,858533,4,100,120,False
1545,857392,4,126,109,False
2605,858177,4,104,118,False
2628,857599,4,102,106,False
948,858364,4,111,119,False
1462,857414,4,131,134,False
949,858372,4,108,114,False
2446,858322,4,86,102,False
2580,858570,4,106,95,False
934,858259,4,108,103,False
1018,858562,4,109,112,False
2732,858346,4,113,103,False
154,858085,4,111,96,False
1013,858510,4,91,121,False
2582,857464,4,88,106,False
2545,858448,4,96,115,False
2461,858455,4,117,109,False
1008,858471,4,110,104,False
1572,858072,4,97,128,False
1683,857478,4,99,130,False
1472,858072,4,97,128,False
138,857402,5,120,102,False
2037,857425,5,124,129,False
453,857436,5,109,114,False
38,857402,5,120,102,False
439,858304,5,104,125,False
1671,858203,5,89,97,False
434,858255,5,131,87,False
227,857994,5,110,124,False
661,857870,5,119,113,False
647,857782,5,91,114,False
658,857852,5,118,133,False
1669,858186,5,105,116,False
2785,894221,5,91,102,False
39,857415,5,124,109,False
659,857918,5,121,112,False
85,857605,5,121,107,False
2607,857458,5,108,99,False
2664,857937,5,126,112,False
1036,858412,5,113,99,False
2224,857635,5,119,123,False
1035,858401,5,139,131,False
537,857498,5,111,97,False
2251,857961,5,99,107,False
1574,858085,5,96,111,False
2651,857818,5,113,103,False
541,857547,5,103,126,False
1628,857824,5,110,108,False
501,858002,5,132,118,False
184,857581,5,107,108,False
185,857605,5,121,107,False
2273,858285,5,98,104,False
2162,857908,5,134,145,False
2151,857800,5,126,150,False
2142,857672,5,113,132,False
2141,857751,5,122,123,False
17,857383,5,96,128,False
2110,857479,5,119,123,False
476,857726,5,115,111,False
475,857742,5,144,115,False
2615,857495,5,104,113,False
2065,857659,5,114,107,False
979,858237,5,100,112,False
2306,858104,5,128,109,False
2022,858452,5,124,96,False
139,857415,5,124,109,False
1907,857837,5,118,117,False
1107,858496,5,110,121,False
117,857383,5,96,128,False
739,857887,5,132,118,False
1112,858534,5,105,123,False
888,858135,5,114,98,False
1733,857972,5,97,100,False
882,858065,5,111,100,False
1477,858173,5,89,104,False
2482,858365,5,119,111,False
300,857774,5,120,128,False
1423,857374,5,100,102,False
1474,858085,5,96,111,False
2730,858235,5,113,117,False
2474,857361,5,116,108,False
851,858269,5,102,82,False
309,857893,5,102,103,False
2464,858482,5,112,124,False
846,858218,5,91,100,False
1834,858032,5,126,108,False
1162,857464,5,106,88,False
2448,858342,5,117,96,False
842,858167,5,128,104,False
84,857581,5,107,108,False
2433,858510,5,121,91,False
1577,858173,5,89,104,False
1153,858575,5,103,81,False
2741,890552,5,109,105,False
1523,857374,5,100,102,False
1101,858445,5,91,116,False
523,858517,5,128,107,False
1982,857698,5,101,110,False
247,858150,5,129,121,False
2533,858559,5,115,112,False
2693,858070,5,110,116,False
2375,858426,5,109,105,False
942,858320,5,122,125,False
242,858118,5,103,108,False
1978,857690,5,111,119,False
404,857946,5,126,118,False
1095,858395,5,114,117,False
1968,857615,5,118,113,False
1198,857521,5,111,115,False
1965,857565,5,110,124,False
2358,858294,5,117,115,False
2389,858550,5,92,105,False
2381,858470,5,118,108,False
1340,892496,6,107,90,True
1682,857428,6,132,123,False
929,858213,6,117,109,False
1147,858504,6,116,130,False
1537,857383,6,128,96,False
1437,857383,6,128,96,False
1360,892514,6,95,106,True
547,857594,6,113,87,False
1773,857494,6,114,100,False
1167,857618,6,114,96,False
941,858315,6,114,90,False
1160,858570,6,95,106,False
1285,858038,6,114,120,False
1215,857689,6,107,96,False
2220,857568,6,98,113,False
1802,857775,6,105,90,False
1674,858231,6,112,118,False
524,858527,6,115,105,False
1772,857481,6,112,88,False
1326,890555,6,97,101,True
861,857465,6,114,113,False
998,858393,6,109,118,False
1655,858087,6,113,95,False
730,857794,6,100,99,False
980,858243,6,109,115,False
1945,858531,6,117,113,False
1651,858025,6,114,115,False
742,857908,6,145,134,False
1689,857525,6,120,127,False
1068,858402,6,117,94,False
750,858014,6,113,103,False
1243,857926,6,90,88,False
974,857739,6,95,106,False
2099,858290,6,113,117,False
2042,857531,6,101,106,False
1914,857943,6,108,121,False
1729,857893,6,103,102,False
990,858328,6,118,114,False
2106,858339,6,104,100,False
1250,858109,6,122,99,False
1737,857983,6,119,113,False
1642,857957,6,112,98,False
1257,858136,6,128,113,False
2137,857630,6,102,117,False
2140,857656,6,88,100,False
1205,857584,6,132,122,False
862,857445,6,121,108,False
1076,858472,6,108,91,False
676,858270,6,118,93,False
1219,857716,6,116,102,False
1292,858176,6,113,85,False
2344,858001,6,102,110,False
2437,858554,6,118,94,False
95,857745,6,110,102,False
2378,858450,6,116,114,False
335,858119,6,97,100,False
50,858047,6,114,102,False
2369,858372,6,114,108,False
2775,892508,6,93,102,True
2305,858091,6,100,112,False
2770,892503,6,79,99,True
2694,858067,6,103,105,False
2707,858194,6,118,107,False
2314,857704,6,81,92,False
2723,858168,6,114,91,False
2508,857362,6,105,108,False
2320,857759,6,111,112,False
273,857549,6,124,129,False
2512,858357,6,115,119,False
251,858203,6,97,89,False
2338,857970,6,114,116,False
2543,858431,6,115,109,False
2353,858249,6,119,136,False
41,857413,6,103,92,False
128,857393,6,117,107,False
91,857669,6,113,85,False
195,857745,6,110,102,False
369,857603,6,114,102,False
2632,857652,6,102,94,False
2286,857512,6,117,119,False
150,858047,6,114,102,False
387,857807,6,122,99,False
191,857669,6,113,85,False
2658,857880,6,126,135,False
391,857857,6,117,125,False
28,857393,6,117,107,False
389,857822,6,114,106,False
209,857839,6,107,118,False
141,857413,6,103,92,False
2603,858158,6,122,103,False
2383,858484,6,118,120,False
203,857790,6,118,112,False
2417,858383,6,120,104,False
2295,857651,7,115,124,False
651,857732,7,105,106,False
259,858281,7,122,124,False
2303,858088,7,99,95,False
939,858299,7,133,126,False
2550,858492,7,108,116,False
243,858113,7,111,105,False
2055,857514,7,87,94,False
2594,857420,7,129,125,False
1648,858009,7,123,140,False
463,857573,7,92,101,False
2595,857643,7,100,105,False
450,857446,7,114,105,False
629,857509,7,96,94,False
2242,857838,7,112,106,False
2327,857813,7,106,116,False
2428,858471,7,104,110,False
706,858138,7,111,106,False
795,857545,7,117,112,False
1979,857691,7,121,100,False
1863,858340,7,106,113,False
1864,858367,7,108,112,False
813,857713,7,130,111,False
785,857466,7,103,100,False
2387,858524,7,130,132,False
1888,857620,7,112,125,False
1895,857742,7,115,144,False
382,857775,7,90,105,False
1917,857982,7,119,115,False
1940,858095,7,100,108,False
713,857582,7,127,99,False
700,858058,7,98,112,False
2382,858483,7,127,104,False
820,857791,7,130,110,False
1690,857527,7,105,113,False
2339,857956,7,109,120,False
1712,857715,7,116,115,False
2086,858166,7,124,111,False
279,857596,7,97,98,False
1730,857907,7,111,106,False
287,857664,7,116,113,False
1736,857968,7,101,113,False
2012,858179,7,110,104,False
2011,858152,7,113,119,False
298,857762,7,121,114,False
859,858336,7,120,116,False
2458,858427,7,108,112,False
2444,857365,7,105,107,False
825,857851,7,124,115,False
2530,858516,7,122,129,False
178,857477,7,111,110,False
989,858319,7,126,130,False
1200,857564,7,103,101,False
490,857878,7,129,114,False
585,857930,7,95,124,False
2150,857794,7,99,100,False
1455,857409,7,111,113,False
2152,857826,7,104,99,False
78,857477,7,111,110,False
72,857440,7,111,117,False
2160,857900,7,126,125,False
66,858268,7,108,111,False
2762,858389,7,137,128,False
1133,858548,7,123,119,False
2168,857999,7,119,136,False
172,857440,7,111,117,False
2175,858236,7,109,118,False
2185,858404,7,111,110,False
1259,857948,7,127,117,False
18,857390,7,137,96,False
1268,858031,7,122,130,False
1270,858040,7,115,90,False
1279,858071,7,126,127,False
2228,857679,7,125,131,False
1307,858211,7,121,124,False
2173,858196,7,122,114,False
2714,858208,7,128,133,False
735,857867,7,126,121,False
118,857390,7,137,96,False
1113,858559,7,112,115,False
1072,858444,7,125,127,False
1064,858378,7,88,104,False
595,858240,7,142,116,False
1555,857409,7,111,113,False
1041,858455,7,109,117,False
166,858268,7,108,111,False
611,858571,7,117,138,False
2816,967809,8,125,100,True
1240,857932,8,122,91,False
2814,967807,8,124,129,True
2813,967806,8,114,121,True
2795,907534,8,108,114,True
2820,1011167,8,109,94,True
807,857662,8,129,113,False
2794,907527,8,120,111,True
1372,907511,8,109,80,True
1373,907520,8,122,113,True
816,857747,8,115,110,False
1376,907540,8,112,109,True
44,857411,8,110,99,False
1391,967800,8,125,107,True
1840,858214,8,112,108,False
2821,1011168,8,108,95,True
1261,857962,8,122,109,False
784,857431,8,117,101,False
2397,857367,8,102,123,False
1028,858342,8,96,117,False
183,857572,8,103,106,False
2835,1007821,8,113,111,True
747,857973,8,126,97,False
749,858004,8,119,116,False
1635,857874,8,126,127,False
1276,858043,8,134,111,False
755,858236,8,118,109,False
2400,858243,8,115,109,False
1908,857866,8,113,106,False
2833,1007819,8,119,108,True
169,858306,8,113,97,False
13,857388,8,122,117,False
2419,858398,8,119,100,False
2421,858411,8,110,116,False
2422,858424,8,108,102,False
2424,858439,8,118,104,False
1392,967805,8,97,87,True
2668,858081,8,99,107,False
1797,857700,8,106,121,False
1395,967808,8,118,102,True
995,858369,8,120,122,False
1703,857639,8,114,104,False
2697,858068,8,99,98,False
1699,857596,8,98,97,False
2529,858514,8,93,100,False
1531,857377,8,128,123,False
83,857572,8,103,106,False
1460,857405,8,110,135,False
2737,858386,8,110,125,False
927,858022,8,122,113,False
1144,858477,8,116,111,False
1681,857447,8,110,121,False
2735,858355,8,120,128,False
248,858170,8,146,112,False
965,858500,8,88,107,False
1475,858159,8,98,128,False
2579,858567,8,114,118,False
113,857388,8,122,117,False
914,857903,8,123,111,False
1082,858529,8,112,110,False
1431,857377,8,128,123,False
144,857411,8,110,99,False
1398,1011165,8,104,93,True
839,858030,8,122,118,False
1779,857533,8,112,131,False
1399,1011166,8,108,111,True
1769,857473,8,122,110,False
2470,858552,8,115,119,False
1764,858206,8,119,105,False
1402,1011169,8,94,89,True
336,858133,8,134,117,False
1751,858100,8,119,126,False
877,857675,8,120,100,False
1575,858159,8,98,128,False
1409,1007815,8,132,126,True
1411,1007817,8,108,103,True
1560,857405,8,110,135,False
205,857817,8,105,91,False
1075,858463,8,129,106,False
69,858306,8,113,97,False
292,857715,8,115,116,False
2641,857730,8,121,120,False
2052,857614,8,131,126,False
2027,858530,8,103,124,False
2289,857517,8,122,119,False
2133,857582,8,99,127,False
716,857611,8,108,110,False
2098,858279,8,133,112,False
704,858120,8,122,113,False
1988,857783,8,108,126,False
2165,857988,8,115,103,False
630,857768,8,141,128,False
2070,857681,8,109,117,False
456,857489,8,126,101,False
504,858148,8,128,108,False
2264,858187,8,104,115,False
424,858054,8,99,101,False
2270,858263,8,94,112,False
656,857884,8,124,119,False
441,858327,8,118,113,False
573,857843,8,120,107,False
1961,857547,8,126,103,False
596,858264,8,134,124,False
2077,857905,8,111,124,False
494,857943,8,121,108,False
392,857849,8,128,125,False
1949,857508,8,115,109,False
484,857799,8,119,115,False
612,858581,8,109,95,False
1950,857461,9,91,116,False
324,858125,9,117,119,False
99,857749,9,117,124,False
327,858060,9,130,150,False
688,858361,9,115,121,False
2143,857720,9,98,104,False
2193,858507,9,115,121,False
462,857540,9,108,117,False
212,857855,9,131,142,False
1138,857358,9,113,109,False
982,858257,9,91,95,False
1227,857788,9,113,122,False
691,857444,9,128,114,False
414,858032,9,108,126,False
190,857665,9,110,140,False
199,857749,9,117,124,False
409,857989,9,110,116,False
996,858379,9,117,97,False
2724,858209,9,118,119,False
991,858332,9,104,110,False
206,857805,9,121,124,False
2736,858385,9,97,117,False
1563,857407,9,99,120,False
2465,858495,9,106,107,False
2159,857887,9,118,132,False
2756,858526,9,102,128,False
2520,858433,9,107,129,False
1182,858151,9,100,116,False
1432,857372,9,106,130,False
1691,857575,9,91,96,False
1731,857936,9,109,121,False
2535,857453,9,108,110,False
2494,858453,9,97,118,False
1212,857652,9,94,102,False
1930,858228,9,109,127,False
999,858398,9,100,119,False
1439,857386,9,115,124,False
938,858294,9,115,117,False
2316,857714,9,116,96,False
1165,857419,9,113,118,False
240,858098,9,114,117,False
1299,858192,9,138,131,False
81,857507,9,112,103,False
2573,858575,9,81,103,False
90,857665,9,110,140,False
1663,858113,9,105,111,False
1463,857407,9,99,120,False
2361,858315,9,90,114,False
388,857816,9,111,126,False
339,858144,9,118,112,False
1532,857372,9,106,130,False
2391,858565,9,122,115,False
777,858532,9,105,118,False
1506,857595,9,129,137,False
1121,858419,9,100,112,False
2644,857776,9,141,134,False
2136,857611,9,110,108,False
2652,857842,9,105,130,False
609,858543,9,108,123,False
474,857703,9,112,122,False
1023,858003,9,104,117,False
2404,858276,9,106,117,False
1617,857735,9,103,114,False
2653,857823,9,93,113,False
1312,858346,9,103,113,False
1517,857735,9,103,114,False
2669,858086,9,130,122,False
1972,857636,9,102,108,False
1539,857386,9,115,124,False
1263,857976,9,135,118,False
2214,857536,9,112,121,False
2248,857912,9,106,135,False
1853,858248,9,106,108,False
1606,857595,9,129,137,False
342,858165,9,99,111,False
1637,857898,9,116,104,False
1827,857966,9,116,147,False
808,857679,9,131,125,False
394,857873,9,121,101,False
1966,857588,9,121,128,False
405,857953,9,111,123,False
350,857430,9,112,136,False
2712,858176,9,85,113,False
2250,857922,9,122,119,False
1009,858476,9,117,126,False
355,857557,9,111,115,False
1956,857513,9,112,128,False
181,857507,9,112,103,False
352,857481,9,88,112,False
1970,857624,9,125,116,False
1173,857356,10,123,109,False
446,858375,10,123,112,False
2322,857771,10,119,125,False
1591,858317,10,105,113,False
2540,858414,10,119,133,False
1481,858226,10,124,134,False
2705,858038,10,120,114,False
2111,857444,10,114,128,False
2324,857802,10,126,110,False
2689,858034,10,118,121,False
126,857397,10,130,125,False
1178,857422,10,123,110,False
2747,890556,10,123,126,True
603,858467,10,96,99,False
1707,857664,10,113,116,False
911,857868,10,110,105,False
1583,858245,10,111,124,False
1581,858226,10,124,134,False
2287,857609,10,83,128,False
2758,892494,10,106,114,True
2710,858178,10,122,125,False
436,858265,10,109,104,False
1664,858130,10,114,119,False
574,857848,10,123,109,False
1483,858245,10,111,124,False
608,858541,10,136,125,False
194,857697,10,120,101,False
622,857531,10,106,101,False
2292,857600,10,127,120,False
1491,858317,10,105,113,False
149,858055,10,116,120,False
111,857377,10,123,128,False
1141,858454,10,120,112,False
1145,858486,10,120,109,False
2059,857718,10,123,124,False
2738,858406,10,119,127,False
641,857637,10,129,118,False
601,858358,10,125,116,False
591,858152,10,119,113,False
581,857904,10,143,141,False
94,857697,10,120,101,False
2147,857763,10,111,128,False
1457,857408,10,105,134,False
578,857883,10,118,112,False
493,857947,10,101,115,False
2574,858582,10,157,101,False
239,858090,10,129,117,False
2290,857574,10,119,130,False
2557,857459,10,109,116,False
2107,858349,10,110,131,False
633,857625,10,124,107,False
2519,858430,10,121,108,False
1557,857408,10,105,134,False
49,858055,10,116,120,False
2486,858392,10,126,134,False
680,858298,10,115,91,False
296,857744,10,123,107,False
1308,858212,10,135,126,False
1756,858133,10,117,134,False
2476,857815,10,94,132,False
2226,857650,10,137,114,False
2782,892516,10,123,116,True
419,858202,10,103,109,False
1771,857437,10,113,120,False
11,857377,10,123,128,False
789,857511,10,116,113,False
2784,892528,10,120,100,True
1900,857789,10,106,118,False
517,858512,10,130,115,False
1378,892522,10,99,118,True
2828,981627,10,101,122,True
2826,981619,10,101,104,True
797,857586,10,111,101,False
833,857969,10,113,125,False
1347,892500,10,114,97,True
830,857922,10,119,122,False
1237,857876,10,112,107,False
702,858080,10,122,120,False
2825,981615,10,97,127,True
543,857554,10,132,95,False
26,857397,10,130,125,False
2208,857482,10,105,114,False
1356,892509,10,126,125,True
1781,857550,10,115,122,False
1741,858012,10,127,118,False
2478,858333,10,128,137,False
558,857690,10,119,111,False
2504,858563,10,119,97,False
2502,858529,10,110,112,False
2492,858444,10,127,125,False
1289,858169,10,141,114,False
1952,857472,10,129,130,False
1403,981609,10,112,117,True
1724,857828,10,113,143,False
1404,981611,10,127,100,True
756,858256,10,116,101,False
1942,858111,10,128,120,False
1407,981623,10,121,106,True
758,858286,10,123,105,False
563,857707,10,104,112,False
760,858309,10,108,99,False
2343,857992,10,144,113,False
1921,858002,10,118,132,False
1948,857443,11,109,124,False
2092,858234,11,96,133,False
2091,858215,11,104,123,False
1070,858418,11,107,117,False
733,857808,11,105,124,False
1099,858430,11,108,121,False
485,857825,11,110,116,False
705,858129,11,112,106,False
1490,858313,11,122,110,False
1633,857860,11,102,126,False
1946,857434,11,111,125,False
606,858518,11,109,134,False
2297,857675,11,100,120,False
2685,858005,11,100,121,False
607,858530,11,124,103,False
1062,858365,11,111,119,False
384,857778,11,108,111,False
2227,857662,11,113,129,False
4,857376,11,122,129,False
1915,857974,11,115,135,False
1536,857389,11,105,125,False
1590,858313,11,122,110,False
1962,857542,11,106,119,False
2395,857986,11,114,139,False
817,857755,11,97,92,False
1893,857682,11,122,121,False
130,857398,11,114,108,False
744,857952,11,96,104,False
1883,857573,11,101,92,False
400,857933,11,114,131,False
1033,858376,11,111,109,False
1514,857697,11,101,120,False
2114,857491,11,117,129,False
1614,857697,11,101,120,False
1027,858335,11,96,118,False
2384,858498,11,114,123,False
1119,858405,11,114,112,False
1301,858184,11,128,130,False
1910,857878,11,114,129,False
773,858507,11,121,115,False
2078,857852,11,133,118,False
901,857766,11,111,97,False
30,857398,11,114,108,False
302,857795,11,95,107,False
2590,857418,11,101,109,False
2009,858010,11,132,140,False
642,857641,11,118,105,False
235,858087,11,95,113,False
1164,857468,11,101,109,False
871,857587,11,91,99,False
872,857600,11,120,127,False
2548,858479,11,115,137,False
447,858391,11,114,110,False
873,857632,11,128,122,False
2546,858456,11,114,151,False
1660,858098,11,117,114,False
291,857710,11,132,123,False
678,858279,11,112,133,False
2013,858189,11,95,97,False
928,858028,11,117,122,False
2496,858472,11,91,108,False
1732,857924,11,108,119,False
1436,857389,11,105,125,False
1688,857518,11,109,116,False
2176,858256,11,101,116,False
431,858140,11,111,117,False
2505,858576,11,114,109,False
2507,857360,11,107,117,False
2509,857450,11,93,95,False
2177,858271,11,114,131,False
854,858293,11,99,113,False
422,858061,11,119,114,False
1653,858046,11,104,113,False
628,857553,11,106,122,False
1798,857729,11,109,118,False
2617,857505,11,134,127,False
2438,858562,11,112,109,False
104,857376,11,122,129,False
2260,858155,11,121,153,False
2731,858350,11,125,134,False
329,858078,11,103,108,False
416,858164,11,120,140,False
2460,858443,11,125,130,False
492,857897,11,88,108,False
822,857838,11,106,112,False
683,858321,11,142,110,False
310,857907,11,106,111,False
533,857474,12,101,99,False
105,857373,12,134,137,False
1300,858191,12,104,117,False
2112,857451,12,109,116,False
1554,857403,12,106,120,False
1238,857880,12,135,126,False
1116,857357,12,107,114,False
2275,858297,12,99,110,False
1206,857606,12,123,102,False
60,858220,12,117,123,False
1254,858145,12,107,104,False
1508,857660,12,116,115,False
1183,858158,12,103,122,False
1479,858201,12,113,127,False
19,857386,12,124,115,False
2696,858043,12,111,134,False
1258,857991,12,111,113,False
1273,858070,12,116,110,False
119,857386,12,124,115,False
1220,857746,12,133,136,False
1454,857403,12,106,120,False
499,857995,12,112,130,False
89,857629,12,128,117,False
2254,857978,12,113,119,False
2230,857705,12,100,116,False
1310,858235,12,117,113,False
1459,857415,12,109,124,False
5,857373,12,134,137,False
1311,858350,12,134,125,False
1222,857737,12,121,111,False
489,857906,12,122,114,False
2206,857427,12,127,117,False
2750,858425,12,109,115,False
1225,857760,12,82,87,False
2715,858182,12,111,116,False
1944,858527,12,105,115,False
1559,857415,12,109,124,False
2608,857441,12,125,116,False
2064,857645,12,100,114,False
315,857954,12,116,111,False
2068,857676,12,114,137,False
2362,858320,12,125,122,False
328,858093,12,131,141,False
305,857861,12,129,114,False
1784,857567,12,125,113,False
2534,858579,12,141,136,False
1011,858494,12,136,149,False
1623,857790,12,112,118,False
1799,857724,12,115,121,False
1022,857804,12,106,109,False
337,858134,12,111,112,False
189,857629,12,128,117,False
1752,858107,12,100,112,False
2596,857927,12,126,129,False
971,858565,12,115,122,False
1704,857687,12,119,139,False
2687,858013,12,119,132,False
2544,858441,12,118,114,False
932,858246,12,138,142,False
1679,858281,12,124,122,False
902,857771,12,125,119,False
943,858330,12,143,147,False
1726,857840,12,111,108,False
282,857617,12,101,115,False
962,858483,12,104,127,False
2487,858396,12,139,123,False
869,857517,12,119,122,False
1742,858024,12,106,126,False
966,858509,12,121,117,False
1656,858076,12,120,126,False
2291,857587,12,99,91,False
696,857501,12,129,122,False
1995,857853,12,93,113,False
1608,857660,12,116,115,False
2108,858361,12,121,115,False
1069,858409,12,121,141,False
2416,858379,12,97,117,False
395,857892,12,131,130,False
367,857591,12,114,113,False
779,858547,12,129,138,False
403,857942,12,108,99,False
709,857544,12,118,104,False
160,858220,12,117,123,False
1579,858201,12,113,127,False
1855,858258,12,121,108,False
2427,858461,12,130,143,False
1843,858048,12,107,112,False
2426,858457,12,95,120,False
2329,857827,12,117,112,False
1983,857707,12,112,104,False
511,858278,13,101,108,False
561,857769,13,99,88,False
426,858084,13,138,100,False
1353,892506,13,100,112,True
2025,858502,13,94,108,False
271,857575,13,96,91,False
2763,892497,13,109,123,True
376,857693,13,96,123,False
761,858324,13,135,129,False
903,857781,13,95,111,False
61,858226,13,134,124,False
64,858251,13,175,176,False
1922,858027,13,103,126,False
569,857830,13,126,105,False
1420,857369,13,103,97,False
383,857793,13,102,93,False
27,857395,13,95,112,False
745,857988,13,103,115,False
1986,857728,13,110,115,False
2163,857938,13,115,128,False
283,857639,13,104,114,False
1348,892501,13,124,129,True
2016,858264,13,124,134,False
1835,858147,13,134,128,False
2195,858515,13,114,122,False
1852,858238,13,116,107,False
348,857442,13,91,112,False
316,857968,13,113,101,False
2247,857863,13,124,113,False
2202,858584,13,119,114,False
792,857524,13,114,101,False
1265,858005,13,121,100,False
549,857602,13,121,114,False
832,857958,13,108,112,False
2779,892513,13,130,136,True
2187,858421,13,117,102,False
506,858199,13,106,119,False
818,857761,13,113,93,False
866,857512,13,119,117,False
1794,857706,13,119,117,False
1815,857892,13,130,131,False
1976,857677,13,112,125,False
1990,857833,13,114,119,False
360,857538,13,95,110,False
2019,858300,13,127,128,False
179,857592,13,119,97,False
161,858226,13,134,124,False
2637,857725,13,111,116,False
953,858413,13,108,113,False
2584,857468,13,109,101,False
1665,858137,13,105,106,False
956,858436,13,100,101,False
579,857914,13,100,110,False
1662,858118,13,108,103,False
994,858360,13,106,95,False
2592,857881,13,110,116,False
2120,858058,13,112,98,False
2670,858109,13,99,122,False
1657,858102,13,120,113,False
2145,857743,13,114,107,False
972,858569,13,136,125,False
180,857496,13,102,110,False
1632,857855,13,142,131,False
2703,858073,13,133,115,False
1576,858163,13,124,116,False
127,857395,13,95,112,False
2609,857423,13,110,118,False
1476,858163,13,124,116,False
2100,858298,13,91,115,False
230,858021,13,110,120,False
1520,857369,13,103,97,False
1059,858345,13,108,100,False
1042,858464,13,110,131,False
1073,858449,13,127,105,False
2046,857663,13,118,112,False
2691,858041,13,131,126,False
1044,858482,13,124,112,False
2748,890557,13,115,110,True
2048,857553,13,122,106,False
1066,858392,13,134,126,False
1551,857406,13,94,108,False
1440,857387,13,111,109,False
2620,857564,13,101,103,False
79,857592,13,119,97,False
2660,857932,13,91,122,False
592,858179,13,104,110,False
80,857496,13,102,110,False
1451,857406,13,94,108,False
2053,857625,13,107,124,False
644,857645,13,114,100,False
2566,858493,13,141,132,False
1089,857450,13,95,93,False
1540,857387,13,111,109,False
1049,858549,13,125,118,False
164,858251,13,175,176,False
2284,857480,13,113,106,False
1697,857610,14,105,115,False
2708,858153,14,126,131,False
1519,857749,14,124,117,False
1588,858292,14,123,117,False
1839,858202,14,109,103,False
2673,858115,14,104,121,False
2827,981623,14,106,121,True
1928,858221,14,115,127,False
2681,857962,14,109,122,False
1564,857411,14,99,110,False
2675,858121,14,129,123,False
1877,857510,14,116,139,False
1867,858391,14,110,114,False
1586,858268,14,111,108,False
1320,890551,14,108,102,False
2245,857851,14,115,124,False
2831,1007817,14,103,108,True
2824,981611,14,100,127,True
2829,1007815,14,126,132,True
2223,857638,14,105,94,False
1857,858284,14,109,121,False
2225,857642,14,143,138,False
2823,981609,14,117,112,True
2639,857716,14,102,116,False
1516,857719,14,113,126,False
2744,858382,14,123,108,False
2765,892498,14,93,103,True
1405,981615,14,127,97,True
1406,981619,14,104,101,True
1715,857736,14,122,133,False
2575,858540,14,135,133,False
1408,981627,14,122,101,True
1734,857949,14,136,134,False
1413,1007819,14,108,119,True
1415,1007821,14,111,113,True
2026,858518,14,134,109,False
1709,857701,14,130,119,False
2754,891774,14,128,112,True
2527,858496,14,121,110,False
2156,857872,14,98,112,False
2033,858096,14,121,125,False
2511,857821,14,120,134,False
2593,857356,14,109,123,False
1464,857411,14,99,110,False
2599,857683,14,133,129,False
1813,857859,14,129,110,False
1352,892505,14,111,101,True
1357,892511,14,117,111,True
2212,857524,14,101,114,False
2656,857889,14,130,121,False
1616,857719,14,113,126,False
1619,857749,14,124,117,False
1493,857429,14,102,111,False
2752,858503,14,123,111,False
1488,858292,14,123,117,False
1486,858268,14,111,108,False
1639,857910,14,121,115,False
1377,892521,14,125,85,True
2469,858549,14,118,125,False
1654,858057,14,121,112,False
1757,858134,14,112,111,False
2781,892515,14,99,116,True
1593,857429,14,102,111,False
2241,857811,14,104,130,False
0,857369,14,97,103,False
353,857494,14,100,114,False
623,857485,14,116,130,False
122,857391,14,104,106,False
594,858227,14,120,102,False
824,857846,14,130,134,False
589,858010,14,140,132,False
158,858188,14,106,115,False
163,858245,14,124,111,False
171,858317,14,113,105,False
586,857944,14,130,114,False
584,857928,14,112,109,False
568,857783,14,126,108,False
188,857660,14,115,116,False
546,857588,14,128,121,False
1201,857552,14,116,103,False
531,857471,14,120,117,False
515,858451,14,116,111,False
261,857447,14,121,110,False
514,858438,14,122,111,False
512,858301,14,102,110,False
497,857982,14,115,119,False
809,857678,14,128,109,False
843,858174,14,130,133,False
299,857765,14,118,122,False
301,857803,14,119,117,False
837,858007,14,112,113,False
445,858373,14,108,112,False
1158,858566,14,121,107,False
100,857369,14,97,103,False
765,858404,14,110,111,False
590,858023,14,111,116,False
708,857535,14,114,120,False
993,858353,14,122,112,False
961,858470,14,108,118,False
1037,858420,14,111,105,False
762,858338,14,112,103,False
1282,858044,14,122,121,False
58,858188,14,106,115,False
1086,858583,14,128,117,False
22,857391,14,104,106,False
63,858245,14,124,111,False
88,857660,14,115,116,False
71,858317,14,113,105,False
1283,858073,14,115,133,False
1286,858075,14,113,104,False
714,857601,14,123,92,False
505,858190,15,128,107,False
741,857902,15,118,108,False
1209,857613,15,109,113,False
1994,857848,15,109,123,False
1149,858538,15,119,109,False
1177,857363,15,115,112,False
1943,858517,15,107,128,False
472,857708,15,101,93,False
693,857497,15,103,97,False
1821,857923,15,131,107,False
2300,858059,15,110,112,False
461,857534,15,114,103,False
458,857583,15,121,110,False
444,858367,15,112,108,False
2325,857798,15,109,115,False
812,857723,15,123,102,False
437,858284,15,121,109,False
2274,858293,15,113,99,False
687,858349,15,131,110,False
1538,857390,15,96,137,False
2030,858556,15,137,114,False
1146,858493,15,132,141,False
2072,857931,15,123,115,False
1471,858063,15,100,133,False
2093,858242,15,105,110,False
605,858502,15,108,94,False
2109,857439,15,123,124,False
2122,858080,15,120,122,False
1424,857376,15,129,122,False
1894,857703,15,122,112,False
1919,857995,15,130,112,False
1438,857390,15,96,137,False
649,857865,15,108,125,False
2047,857546,15,92,102,False
2041,857462,15,111,106,False
2157,857877,15,119,106,False
2040,857421,15,125,110,False
1886,857597,15,115,127,False
1885,857647,15,127,123,False
2181,858324,15,129,135,False
2182,858338,15,103,112,False
588,857950,15,123,118,False
2371,858394,15,119,138,False
2066,857844,15,125,100,False
2677,858136,15,113,128,False
879,857688,15,117,109,False
1345,892498,15,103,93,True
891,858127,15,112,122,False
157,858173,15,104,89,False
2671,858094,15,100,111,False
1792,857674,15,101,109,False
136,857404,15,134,124,False
915,857899,15,116,101,False
1334,891774,15,112,128,True
2702,858044,15,121,122,False
1120,858414,15,133,119,False
98,857758,15,128,103,False
97,857735,15,114,103,False
57,858173,15,104,89,False
2772,892505,15,101,111,True
2777,892511,15,111,117,True
1625,857817,15,91,105,False
36,857404,15,134,124,False
2797,892521,15,85,125,True
1038,858427,15,112,108,False
1040,858443,15,130,125,False
1589,858306,15,97,113,False
1106,858489,15,113,108,False
1571,858063,15,100,133,False
1524,857376,15,129,122,False
197,857735,15,114,103,False
198,857758,15,128,103,False
1959,857523,15,124,122,False
2581,858580,15,100,115,False
408,857977,15,135,129,False
406,857959,15,121,113,False
1228,857780,15,142,101,False
1783,857561,15,102,113,False
332,858107,15,112,100,False
1489,858306,15,97,113,False
838,858015,15,136,106,False
1126,858456,15,151,114,False
841,858157,15,103,106,False
2484,858378,15,104,88,False
868,857506,15,106,109,False
847,858233,15,117,111,False
2510,857456,15,105,121,False
2516,858407,15,126,120,False
281,857633,15,132,111,False
231,858025,15,115,114,False
1361,892515,15,116,99,True
2524,858474,15,123,119,False
263,857478,15,130,99,False
1765,858210,15,109,119,False
2570,858546,15,131,138,False
850,858263,15,112,94,False
1676,858253,16,99,128,False
1786,857585,16,106,107,False
1054,857361,16,108,116,False
1804,857778,16,111,108,False
1057,858326,16,130,128,False
1568,857410,16,119,98,False
736,857872,16,112,98,False
1947,857435,16,113,119,False
874,857621,16,113,105,False
746,857965,16,112,111,False
1025,858314,16,117,109,False
1849,858132,16,104,106,False
921,857985,16,108,102,False
1755,858119,16,100,97,False
1841,858229,16,105,116,False
1892,857708,16,93,101,False
896,857714,16,96,116,False
960,858466,16,100,129,False
957,858440,16,127,120,False
1901,857772,16,110,108,False
951,858394,16,138,119,False
1920,858011,16,113,121,False
826,857858,16,113,110,False
2197,858532,16,118,105,False
1967,857594,16,87,113,False
2541,858419,16,112,100,False
2549,858485,16,92,106,False
238,858092,16,110,105,False
2598,857422,16,110,123,False
177,857463,16,110,107,False
2645,857760,16,87,82,False
2650,857792,16,111,101,False
2690,858040,16,90,115,False
2692,858106,16,117,122,False
132,857399,16,90,98,False
121,857384,16,112,109,False
2713,858205,16,107,103,False
2716,858154,16,115,123,False
109,857375,16,104,111,False
274,857556,16,113,112,False
77,857463,16,110,107,False
2788,906734,16,122,138,True
2791,906753,16,128,126,True
2802,970431,16,108,101,True
2803,970433,16,105,111,True
2807,970439,16,103,112,True
32,857399,16,90,98,False
2818,1011165,16,93,104,True
2819,1011166,16,111,108,True
2822,1011169,16,89,94,True
21,857384,16,112,109,False
2830,1007816,16,123,116,True
2832,1007818,16,111,105,True
9,857375,16,104,111,False
2837,1007824,16,97,110,True
2787,906726,16,130,117,True
1953,857474,16,99,101,False
2499,858497,16,92,101,False
2471,858561,16,108,114,False
1975,857644,16,106,98,False
1980,857680,16,120,116,False
1996,857895,16,126,123,False
1999,857914,16,110,100,False
686,858339,16,100,104,False
2004,857928,16,109,112,False
681,858305,16,120,122,False
2056,857667,16,121,134,False
2057,857566,16,104,112,False
634,857499,16,107,110,False
2076,857884,16,119,124,False
625,857541,16,132,115,False
593,858189,16,97,95,False
2135,857604,16,101,105,False
306,857840,16,108,111,False
566,857728,16,115,110,False
538,857526,16,117,112,False
2249,857940,16,104,96,False
496,857951,16,101,102,False
469,857628,16,110,107,False
438,858289,16,96,119,False
2354,858259,16,103,108,False
2356,858275,16,101,99,False
420,858214,16,108,112,False
410,857998,16,111,95,False
2390,858555,16,129,101,False
380,857741,16,111,115,False
326,858053,16,100,96,False
2451,858363,16,114,126,False
2456,858412,16,99,113,False
2171,858026,16,124,98,False
1092,858357,16,119,115,False
2839,1007828,16,103,84,True
1416,1007822,16,99,116,True
1386,970437,16,109,101,True
1400,1011167,16,94,109,True
1414,1007820,16,128,102,True
1275,858069,16,98,95,False
1319,890550,16,105,116,False
1468,857410,16,119,98,False
1305,858374,16,119,115,False
1365,894221,16,102,91,False
1136,858572,16,123,110,False
1137,857459,16,116,109,False
1231,857818,16,103,113,False
1110,858516,16,129,122,False
1418,1007826,16,103,104,True
1369,906741,16,121,99,True
1388,970441,16,96,92,True
1401,1011168,16,95,108,True
1370,906748,16,119,114,True
1295,858182,16,116,111,False
1384,970435,16,105,86,True
2648,857780,17,101,142,False
946,858351,17,118,113,False
2184,858380,17,133,124,False
2495,858463,17,106,129,False
467,857607,17,119,111,False
682,858310,17,130,133,False
580,857934,17,109,138,False
1115,857453,17,110,108,False
582,857915,17,123,113,False
2711,858162,17,127,108,False
1470,858047,17,102,114,False
2221,857670,17,109,103,False
116,857389,17,125,105,False
548,857615,17,113,118,False
1698,857580,17,102,110,False
1367,906726,17,117,130,True
2619,857537,17,93,111,False
2600,857925,17,104,101,False
1902,857809,17,128,119,False
717,857630,17,117,102,False
216,857886,17,123,114,False
1421,857370,17,90,88,False
2021,858358,17,116,125,False
2522,858458,17,144,116,False
863,857438,17,123,115,False
1012,858501,17,99,140,False
759,858291,17,139,117,False
2237,857755,17,92,97,False
2638,857711,17,109,102,False
969,858550,17,105,92,False
565,857717,17,126,113,False
976,857433,17,119,108,False
2636,857694,17,105,96,False
1248,858081,17,107,99,False
983,858267,17,104,101,False
1341,858528,17,117,104,False
1267,858013,17,132,119,False
890,858122,17,124,115,False
887,858108,17,135,110,False
1640,857960,17,111,107,False
1926,858199,17,119,106,False
145,857417,17,110,99,False
727,857763,17,128,111,False
245,858137,17,106,105,False
875,857651,17,124,115,False
256,858253,17,128,99,False
483,857796,17,123,97,False
1747,858060,17,150,130,False
530,857461,17,116,91,False
1748,858093,17,141,131,False
176,857488,17,108,94,False
214,857901,17,95,118,False
1368,906734,17,138,122,True
1371,906753,17,126,128,True
2431,858494,17,149,136,False
2429,858476,17,126,117,False
45,857417,17,110,99,False
1067,858396,17,123,139,False
610,858556,17,114,137,False
2104,858325,17,117,111,False
2789,906741,17,99,121,True
2472,858573,17,105,121,False
2341,857985,17,102,108,False
2342,857979,17,114,105,False
2399,858237,17,112,100,False
1570,858047,17,102,114,False
1830,857998,17,95,111,False
1179,857683,17,129,133,False
2357,858282,17,118,104,False
1478,858188,17,115,106,False
2364,858337,17,134,123,False
800,857568,17,113,98,False
16,857389,17,125,105,False
2074,857847,17,118,139,False
412,858020,17,130,122,False
2071,857732,17,106,105,False
1098,858423,17,118,111,False
1296,858154,17,123,115,False
2081,857870,17,113,119,False
1521,857370,17,90,88,False
2790,906748,17,114,119,True
2117,857522,17,136,132,False
1140,858442,17,130,94,False
2330,857841,17,100,118,False
76,857488,17,108,94,False
347,858224,17,131,125,False
2755,858387,17,116,104,False
1578,858188,17,115,106,False
2435,858539,17,140,128,False
793,857558,17,106,121,False
2036,857475,17,115,102,False
1809,857822,17,106,114,False
1879,857503,17,98,117,False
372,857674,18,109,101,False
1494,857449,18,98,107,False
2235,857740,18,118,108,False
1842,858061,18,114,119,False
732,857826,18,99,104,False
731,857800,18,150,126,False
2517,858415,18,107,122,False
907,857813,18,116,106,False
442,858334,18,94,117,False
2370,858377,18,136,115,False
2455,858401,18,131,139,False
318,857990,18,121,116,False
1251,858094,18,111,100,False
1702,857617,18,115,101,False
2304,858082,18,111,102,False
1856,858265,18,104,109,False
217,857898,18,104,116,False
768,858446,18,125,124,False
1693,857549,18,129,124,False
1899,857756,18,112,133,False
1374,907527,18,111,120,True
1837,858180,18,143,118,False
2246,857858,18,110,113,False
1366,894953,18,120,95,False
2298,857748,18,118,124,False
244,858130,18,119,114,False
2277,858312,18,138,134,False
743,857938,18,128,115,False
1925,858190,18,107,128,False
889,858117,18,111,118,False
338,858141,18,120,127,False
1931,858278,18,108,101,False
781,858578,18,113,108,False
1932,858301,18,110,102,False
2439,858568,18,151,131,False
379,857724,18,121,115,False
1375,907534,18,114,108,True
1881,857534,18,103,114,False
806,857650,18,114,137,False
428,858097,18,117,110,False
233,858046,18,113,104,False
787,857504,18,107,120,False
1874,857460,18,107,116,False
2259,858030,18,118,122,False
849,858254,18,113,121,False
2388,858536,18,107,102,False
893,857695,18,128,135,False
323,858035,18,128,126,False
2793,907520,18,113,122,True
1594,857449,18,98,107,False
173,857429,18,111,102,False
29,857401,18,106,115,False
660,857920,18,113,106,False
694,857491,18,129,117,False
155,858159,18,128,98,False
2164,857952,18,104,96,False
73,857429,18,111,102,False
1443,857396,18,116,106,False
1014,858523,18,105,107,False
2749,858428,18,140,134,False
1332,858503,18,111,123,False
147,857416,18,134,122,False
2683,857976,18,118,135,False
1997,857869,18,118,119,False
1636,857886,18,114,123,False
619,857364,18,115,108,False
82,857519,18,117,129,False
2740,890551,18,102,108,False
2154,857835,18,109,121,False
2024,858490,18,100,107,False
2023,858467,18,99,96,False
2060,857627,18,108,110,False
2727,858211,18,124,121,False
55,858159,18,128,98,False
1344,858390,18,102,104,False
2149,857787,18,112,110,False
2792,907511,18,80,109,True
715,857604,18,105,101,False
616,857475,18,102,115,False
924,858001,18,110,102,False
925,858016,18,125,126,False
1030,858352,18,123,124,False
931,858239,18,106,114,False
10,857378,18,126,132,False
2796,907540,18,109,112,True
657,857905,18,124,111,False
182,857519,18,117,129,False
129,857401,18,106,115,False
1668,858170,18,112,146,False
2623,857569,18,126,108,False
1981,857769,18,88,99,False
47,857416,18,134,122,False
1543,857396,18,116,106,False
2627,857593,18,112,109,False
110,857378,18,126,132,False
2191,858478,18,119,115,False
2633,857655,18,127,142,False
638,857579,19,109,117,False
1774,857492,19,121,124,False
1032,858370,19,127,110,False
312,857924,19,119,108,False
2018,858287,19,121,110,False
2473,857359,19,130,108,False
2729,858329,19,108,123,False
2014,858227,19,102,120,False
2462,858464,19,131,110,False
2307,858108,19,110,135,False
2335,857899,19,101,116,False
443,858340,19,113,106,False
1829,857989,19,116,110,False
377,857700,19,121,106,False
2095,858262,19,106,128,False
363,857561,19,113,102,False
1818,857911,19,111,120,False
2340,857963,19,132,112,False
2116,857501,19,122,129,False
358,857529,19,95,106,False
775,858515,19,122,114,False
1277,858068,19,98,99,False
1426,857379,19,124,112,False
2124,858120,19,113,122,False
2126,858138,19,106,111,False
1125,858448,19,115,96,False
2441,857424,19,111,124,False
35,857409,19,113,111,False
1322,890553,19,118,123,False
667,858171,19,116,107,False
1039,858435,19,119,84,False
1324,858382,19,108,123,False
1302,858156,19,136,104,False
124,857394,19,121,122,False
545,857565,19,124,110,False
677,858274,19,93,101,False
884,858082,19,102,111,False
1643,857975,19,114,125,False
2565,858486,19,109,120,False
2679,857948,19,117,127,False
491,857885,19,127,116,False
571,857831,19,126,117,False
1223,857753,19,129,124,False
1150,858546,19,138,131,False
2170,858014,19,103,113,False
2268,858244,19,110,115,False
2174,858219,19,103,100,False
701,858099,19,103,113,False
1526,857379,19,124,112,False
2180,858309,19,99,108,False
1951,857471,19,117,120,False
2073,857834,19,128,125,False
2222,857623,19,129,110,False
724,857738,19,128,117,False
788,857482,19,114,105,False
1701,857633,19,111,132,False
1157,858557,19,113,105,False
917,857939,19,102,108,False
1288,858153,19,131,126,False
723,857720,19,104,98,False
135,857409,19,113,111,False
751,858026,19,98,124,False
1612,857684,19,117,99,False
1768,857442,19,112,91,False
2490,858418,19,117,107,False
1620,857779,19,129,132,False
763,858362,19,96,110,False
1214,857673,19,126,108,False
286,857661,19,105,101,False
1621,857764,19,100,121,False
2385,858500,19,107,88,False
1132,858537,19,103,121,False
1624,857797,19,114,118,False
24,857394,19,121,122,False
1512,857684,19,117,99,False
2525,858481,19,124,90,False
577,857869,19,119,118,False
482,857809,19,119,128,False
2700,858039,19,110,123,False
1746,858053,19,96,100,False
867,857609,19,128,83,False
575,857853,19,113,93,False
1287,858194,19,107,118,False
2201,858578,19,108,113,False
542,857542,19,119,106,False
2539,858405,19,112,114,False
2618,857521,19,115,111,False
1865,858373,20,112,108,False
415,858147,20,128,134,False
2084,857941,20,112,108,False
2207,857504,20,120,107,False
465,857647,20,123,127,False
1171,857631,20,129,132,False
2217,857586,20,101,111,False
2199,858547,20,138,129,False
710,857548,20,135,145,False
559,857691,20,100,121,False
1191,857493,20,118,133,False
2155,857867,20,121,126,False
2282,857445,20,108,121,False
487,857837,20,117,118,False
1918,857987,20,112,108,False
429,858132,20,106,104,False
1912,857897,20,108,88,False
675,858262,20,128,106,False
2020,858316,20,131,129,False
455,857470,20,99,112,False
2132,857562,20,118,111,False
670,858204,20,126,120,False
665,858161,20,108,97,False
2333,857882,20,115,122,False
1387,970439,20,112,103,True
2101,858305,20,122,120,False
685,858331,20,105,112,False
794,857536,20,121,112,False
2067,857782,20,114,91,False
916,857909,20,102,83,False
1720,857774,20,128,120,False
1274,858067,20,105,103,False
2567,858504,20,130,116,False
1355,892508,20,102,93,True
1610,857665,20,140,110,False
1329,858428,20,134,140,False
252,858217,20,124,106,False
1114,858579,20,136,141,False
112,857372,20,130,106,False
260,858288,20,142,118,False
1603,857572,20,106,103,False
1750,858089,20,120,117,False
1763,858175,20,102,98,False
2746,890555,20,101,97,True
1582,858232,20,122,101,False
852,858273,20,109,94,False
294,857721,20,113,89,False
2704,858045,20,124,139,False
1777,857520,20,85,112,False
894,857704,20,92,81,False
2577,858557,20,105,113,False
1350,892503,20,99,79,True
1255,858121,20,123,129,False
210,857850,20,112,119,False
1670,858193,20,108,119,False
1383,970433,20,111,105,True
1700,857608,20,129,119,False
1503,857572,20,106,103,False
2597,857363,20,112,115,False
1510,857665,20,140,110,False
218,857921,20,117,114,False
220,857960,20,107,111,False
2665,858056,20,116,125,False
229,858018,20,121,123,False
2672,858103,20,115,122,False
1001,858411,20,116,110,False
899,857754,20,112,99,False
142,857414,20,134,131,False
133,857400,20,115,102,False
1128,858479,20,137,115,False
2514,858388,20,123,107,False
2614,857483,20,106,104,False
33,857400,20,115,102,False
823,857829,20,106,113,False
2808,970441,20,92,96,True
2443,858003,20,117,104,False
1801,857733,20,121,102,False
2442,857804,20,109,106,False
42,857414,20,134,131,False
1482,858232,20,122,101,False
2806,970437,20,101,109,True
2401,858250,20,115,109,False
2804,970435,20,86,105,True
1788,857598,20,95,116,False
1079,858497,20,101,92,False
2414,858360,20,95,106,False
2396,857433,20,108,119,False
2425,858447,20,106,111,False
2449,858348,20,117,122,False
1382,970431,20,101,108,True
834,857978,20,119,113,False
413,858029,20,105,116,False
2377,858440,20,120,127,False
1056,857815,20,132,94,False
2760,892496,20,90,107,True
2780,892514,20,106,95,True
1081,858521,20,118,109,False
12,857372,20,130,106,False
801,857670,20,103,109,False
572,857864,21,130,114,False
167,858283,21,117,123,False
31,857406,21,108,94,False
2094,858252,21,115,124,False
1533,857388,21,117,122,False
2190,858475,21,118,112,False
2062,857641,21,105,118,False
697,857522,21,132,136,False
1647,857994,21,124,110,False
1675,858241,21,119,120,False
23,857396,21,106,116,False
954,858422,21,124,120,False
175,857457,21,116,108,False
2166,857965,21,111,112,False
1433,857388,21,117,122,False
168,858292,21,117,123,False
662,857896,21,96,115,False
2003,857919,21,115,126,False
68,858292,21,117,123,False
2125,858129,21,106,112,False
75,857457,21,116,108,False
67,858283,21,117,123,False
2130,857548,21,145,135,False
2039,857364,21,108,115,False
1058,858333,21,137,128,False
2028,858541,21,125,136,False
2131,857555,21,122,126,False
1045,858495,21,107,106,False
2742,890553,21,123,118,False
1161,858580,21,115,100,False
1592,857440,21,117,111,False
1596,857488,21,94,108,False
1325,858381,21,121,107,False
1601,857507,21,103,112,False
672,858234,21,133,96,False
2786,894953,21,95,120,False
1515,857745,21,102,110,False
1189,857423,21,118,110,False
1615,857745,21,102,110,False
655,857820,21,101,98,False
2709,858169,21,114,141,False
653,857834,21,125,128,False
1314,858308,21,130,103,False
1078,858488,21,134,137,False
2701,858037,21,113,118,False
131,857406,21,108,94,False
123,857396,21,106,116,False
2183,858362,21,110,96,False
1718,857762,21,114,121,False
2263,858174,21,133,130,False
349,857473,21,110,122,False
1935,858451,21,111,116,False
1878,857583,21,110,121,False
2571,858551,21,114,98,False
1501,857507,21,103,112,False
885,858091,21,112,100,False
632,857614,21,126,131,False
322,858024,21,126,106,False
440,858318,21,129,119,False
1148,858522,21,118,128,False
2280,858344,21,101,132,False
2538,858399,21,111,128,False
2537,858371,21,102,90,False
935,858272,21,115,124,False
754,858219,21,100,103,False
481,857772,21,108,110,False
470,857671,21,119,111,False
280,857608,21,119,129,False
2493,858449,21,105,127,False
2315,857712,21,121,114,False
1496,857488,21,94,108,False
2313,857695,21,135,128,False
840,858155,21,153,121,False
1816,857879,21,113,121,False
1492,857440,21,117,111,False
1706,857661,21,101,105,False
804,857635,21,123,119,False
1696,857571,21,121,120,False
522,858111,21,120,128,False
425,858079,21,132,137,False
399,857916,21,150,117,False
221,857935,21,127,110,False
2606,858197,21,138,129,False
540,857530,21,132,113,False
2232,857723,21,102,123,False
2386,858509,21,117,121,False
2346,858008,21,112,102,False
905,857798,21,115,109,False
1822,857980,21,133,114,False
1844,858054,21,101,99,False
207,857812,21,123,121,False
2376,858436,21,101,100,False
729,857787,21,110,112,False
919,857956,21,120,109,False
2318,857786,22,117,109,False
1218,857711,22,102,109,False
2457,858420,22,105,111,False
2097,858274,22,101,93,False
2454,858397,22,113,116,False
397,857890,22,100,119,False
393,857859,22,110,129,False
1428,857380,22,98,108,False
343,858175,22,98,102,False
624,857486,22,123,126,False
2408,858302,22,117,106,False
1280,858039,22,123,110,False
435,858258,22,108,121,False
433,858248,22,108,106,False
14,857385,22,120,126,False
2200,858564,22,84,101,False
2528,858511,22,116,109,False
2485,858384,22,114,132,False
202,857770,22,135,124,False
1197,857505,22,127,134,False
551,857626,22,99,107,False
2626,857606,22,102,123,False
2179,858291,22,117,139,False
2635,857689,22,96,107,False
532,857472,22,130,129,False
2169,858004,22,116,119,False
1202,857559,22,105,112,False
2666,858051,22,118,138,False
525,858531,22,113,117,False
567,857731,22,113,109,False
2676,858131,22,94,105,False
2158,857964,22,111,136,False
1217,857725,22,116,111,False
1247,858066,22,113,98,False
1336,858526,22,128,102,False
2256,857993,22,108,112,False
2266,858218,22,100,91,False
236,858076,22,126,120,False
583,857919,22,126,115,False
2558,857358,22,109,113,False
2556,858572,22,110,123,False
1190,857432,22,113,93,False
114,857385,22,120,126,False
265,857532,22,114,97,False
2526,858489,22,108,113,False
478,857752,22,111,99,False
2296,857657,22,102,109,False
288,857668,22,108,125,False
1203,857569,22,108,126,False
2373,858413,22,113,108,False
1528,857380,22,98,108,False
1003,858432,22,122,112,False
1761,858160,22,119,113,False
1561,857413,22,92,103,False
1043,858469,22,119,106,False
1658,858092,22,105,110,False
844,858187,22,115,104,False
1031,858363,22,126,114,False
719,857649,22,103,133,False
652,857931,22,115,123,False
1787,857591,22,113,114,False
1504,857581,22,108,107,False
1293,858205,22,103,107,False
1929,858222,22,113,123,False
1604,857581,22,108,107,False
1060,858347,22,124,131,False
1814,857873,22,101,121,False
1806,857801,22,95,92,False
1453,857400,22,102,115,False
944,858337,22,123,134,False
2038,857696,22,108,121,False
1553,857400,22,102,115,False
1913,857947,22,115,101,False
1495,857457,22,108,116,False
1595,857457,22,108,116,False
1005,858447,22,111,106,False
1754,858110,22,119,109,False
1905,857825,22,116,110,False
1644,857967,22,109,106,False
886,858104,22,109,128,False
635,857514,22,94,87,False
1461,857413,22,92,103,False
1723,857810,22,125,126,False
1168,857836,22,133,113,False
858,858323,22,119,122,False
1758,858141,22,127,120,False
1017,858554,22,94,118,False
1870,857446,22,105,114,False
1194,857483,23,104,106,False
947,858356,23,120,119,False
1256,858131,23,105,94,False
1666,858143,23,137,125,False
2420,858408,23,121,82,False
970,858555,23,101,129,False
955,858426,23,105,109,False
480,857789,23,118,106,False
570,857833,23,119,114,False
2172,858036,23,105,95,False
1193,857467,23,111,121,False
153,858077,23,137,133,False
1646,857997,23,118,117,False
1131,858505,23,117,110,False
1650,858021,23,120,110,False
2654,857862,23,111,116,False
1911,857885,23,116,127,False
1511,857669,23,85,113,False
334,858110,23,109,119,False
257,858260,23,107,110,False
250,858193,23,119,108,False
2521,858445,23,116,91,False
267,857500,23,100,88,False
272,857543,23,121,109,False
1207,857593,23,109,112,False
2561,858454,23,112,120,False
2562,858462,23,105,125,False
2564,858477,23,111,116,False
278,857580,23,110,102,False
2572,858558,23,136,131,False
2257,858007,23,113,112,False
936,858275,23,99,101,False
2211,857528,23,95,104,False
2489,858409,23,141,121,False
2589,857355,23,117,126,False
295,857736,23,133,122,False
297,857750,23,131,113,False
1971,857626,23,107,99,False
1791,857616,23,101,107,False
1233,857823,23,113,93,False
254,858231,23,118,112,False
1130,858492,23,116,108,False
331,858100,23,126,119,False
1466,857412,23,109,119,False
1684,857452,23,118,111,False
1711,857710,23,123,132,False
1927,858200,23,101,98,False
1244,857937,23,112,126,False
398,857911,23,120,111,False
34,857403,23,120,106,False
1048,858535,23,103,101,False
402,857980,23,114,133,False
407,857966,23,147,116,False
1176,857927,23,129,126,False
2761,858528,23,104,117,False
1381,972857,23,102,114,True
2766,892499,23,102,97,True
2082,857896,23,115,96,False
1390,972866,23,86,95,True
53,858077,23,137,133,False
2118,858050,23,129,127,False
2299,857688,23,109,117,False
796,857551,23,105,98,False
2102,858310,23,133,130,False
1858,858289,23,119,96,False
1566,857412,23,109,119,False
1063,858368,23,112,93,False
2809,972863,23,115,103,True
2363,858330,23,147,143,False
2359,858299,23,126,133,False
2799,972853,23,119,115,True
2800,972856,23,87,121,True
2085,858161,23,97,108,False
2771,892504,23,96,88,True
1323,890554,23,121,101,True
2088,858183,23,99,106,False
101,857370,23,88,90,False
1337,892493,23,96,84,True
1,857370,23,88,90,False
134,857403,23,120,106,False
1630,857850,23,119,112,False
2418,858393,23,118,109,False
1385,972860,23,116,115,True
673,858242,23,110,105,False
15,857382,23,105,114,False
2139,857649,23,133,103,False
1226,857767,23,123,103,False
1862,858334,23,117,94,False
373,857654,23,104,101,False
370,857612,23,115,106,False
115,857382,23,105,114,False
671,858215,23,123,104,False
2393,858577,23,134,105,False
1872,857426,23,112,90,False
1229,857814,23,104,101,False
1873,857436,23,114,109,False
1611,857669,23,85,113,False
2817,972869,23,88,112,True
1825,857953,23,123,111,False
266,857490,24,102,82,False
423,858048,24,112,107,False
1359,892513,24,136,130,True
432,858238,24,107,116,False
2253,857969,24,125,113,False
277,857610,24,115,105,False
860,858344,24,132,101,False
513,858359,24,119,128,False
778,858542,24,115,94,False
1866,858375,24,112,123,False
1394,967807,24,129,124,True
2374,858422,24,120,124,False
2258,858015,24,106,136,False
1906,857871,24,102,127,False
368,857598,24,116,95,False
1393,967806,24,121,114,True
1142,858462,24,125,105,False
1396,967809,24,100,125,True
473,857682,24,121,122,False
2409,858319,24,130,126,False
454,857460,24,116,107,False
2406,858295,24,105,91,False
2336,857909,24,83,102,False
2403,858267,24,101,104,False
821,857811,24,130,104,False
2321,857766,24,97,111,False
2323,857781,24,111,95,False
829,857940,24,96,104,False
1934,858438,24,111,122,False
1859,858304,24,125,104,False
503,858033,24,117,112,False
2332,857888,24,104,113,False
2497,858480,24,117,103,False
1812,857849,24,125,128,False
2069,857865,24,125,108,False
2586,857578,24,133,134,False
1109,858514,24,100,93,False
1687,857500,24,88,100,False
204,857797,24,118,114,False
1974,857658,24,122,117,False
1050,858552,24,119,115,False
1024,857365,24,107,105,False
2189,858460,24,127,135,False
1685,857532,24,97,114,False
552,857636,24,108,102,False
553,857640,24,113,112,False
930,858225,24,120,109,False
52,858072,24,128,97,False
2631,857699,24,133,95,False
2773,892506,24,112,100,True
2604,858172,24,116,112,False
564,857727,24,98,125,False
1343,892497,24,123,109,True
2167,857973,24,97,126,False
2663,857926,24,88,90,False
152,858072,24,128,97,False
870,857574,24,130,119,False
1021,857424,24,124,111,False
615,858123,24,100,132,False
1522,857381,24,111,113,False
1447,857395,24,112,95,False
2768,892501,24,129,124,True
137,857408,24,134,105,False
1335,858387,24,104,116,False
2144,857738,24,117,128,False
2643,857753,24,124,129,False
2602,858151,24,116,100,False
1694,857556,24,112,113,False
2815,967808,24,102,118,True
1738,857990,24,116,121,False
2233,857713,24,111,130,False
1602,857519,24,129,117,False
2127,858142,24,106,94,False
880,858059,24,112,110,False
883,858088,24,95,99,False
241,858114,24,114,106,False
2720,858191,24,117,104,False
528,857443,24,124,109,False
2568,858522,24,128,118,False
1328,890557,24,110,115,True
534,857484,24,106,108,False
2219,858101,24,128,118,False
1034,858397,24,116,113,False
604,858490,24,107,100,False
1502,857519,24,129,117,False
2578,858566,24,107,121,False
722,857672,24,132,113,False
2812,967805,24,87,97,True
782,858584,24,114,119,False
2811,967800,24,107,125,True
1547,857395,24,112,95,False
2089,858185,24,107,116,False
222,857957,24,98,112,False
37,857408,24,134,105,False
1422,857381,24,111,113,False
906,857819,24,110,113,False
646,857844,24,100,125,False
674,858252,24,124,115,False
2751,858437,25,127,115,False
1105,858481,25,90,124,False
253,858223,25,101,126,False
48,857410,25,98,119,False
2365,858343,25,93,115,False
40,857405,25,135,110,False
2360,858303,25,111,129,False
1542,857391,25,106,104,False
1290,858178,25,125,122,False
1094,858388,25,107,123,False
1291,858162,25,108,127,False
2,857381,25,113,111,False
798,858083,25,134,124,False
2367,858356,25,119,120,False
362,857577,25,107,109,False
2392,858569,25,125,136,False
878,857748,25,124,118,False
2554,858553,25,127,129,False
275,857563,25,117,110,False
2569,858538,25,109,119,False
1722,857795,25,107,95,False
234,858057,25,112,121,False
228,858009,25,140,123,False
2587,857618,25,96,114,False
2591,857631,25,132,129,False
224,857967,25,106,109,False
1710,857692,25,116,111,False
1778,857529,25,106,95,False
307,857854,25,124,113,False
1705,857646,25,97,111,False
317,857983,25,113,119,False
2452,858370,25,110,127,False
1686,857490,25,82,102,False
2434,858523,25,107,105,False
1667,858150,25,121,129,False
810,857705,25,116,100,False
2680,857955,25,105,117,False
148,857410,25,98,119,False
140,857405,25,135,110,False
1627,857812,25,121,123,False
1823,857942,25,99,108,False
2411,858332,25,110,104,False
102,857381,25,113,111,False
2733,858247,25,116,133,False
427,858116,25,129,125,False
828,857912,25,135,106,False
748,857999,25,136,119,False
2054,857499,25,110,107,False
602,858452,25,96,124,False
2312,858146,25,124,116,False
2311,858127,25,122,112,False
598,858287,25,110,121,False
767,858421,25,102,117,False
1442,857391,25,106,104,False
464,857590,25,113,118,False
479,857756,25,133,112,False
757,858271,25,131,114,False
752,858036,25,95,105,False
1186,858197,25,129,138,False
2278,858323,25,122,119,False
1998,857883,25,112,118,False
1993,857843,25,107,120,False
699,858062,25,147,127,False
2178,858286,25,105,123,False
508,858221,25,127,115,False
2203,857368,25,115,108,False
516,858491,25,80,120,False
2215,857545,25,112,117,False
1954,857484,25,108,106,False
2229,857678,25,109,128,False
526,857434,25,125,111,False
521,858105,25,105,123,False
1154,858582,25,101,157,False
2240,857791,25,110,130,False
448,858403,25,112,126,False
770,858475,25,112,118,False
2239,857777,25,128,112,False
621,857462,25,106,111,False
626,857663,25,112,118,False
1887,857607,25,111,119,False
774,858513,25,114,138,False
1880,857515,25,105,95,False
1221,857730,25,120,121,False
2075,857820,25,98,101,False
2080,857920,25,106,113,False
2347,858022,25,113,122,False
2355,858272,26,124,115,False
2647,857788,26,122,113,False
698,858050,26,127,129,False
1936,858491,26,120,80,False
975,857986,26,139,114,False
2662,857917,26,117,115,False
1487,858283,26,123,117,False
308,857891,26,126,125,False
2161,857902,26,108,118,False
2674,858145,26,104,107,False
1338,892494,26,114,106,True
2646,857767,26,103,123,False
151,858063,26,133,100,False
314,857949,26,134,136,False
1091,857821,26,134,120,False
2798,892522,26,118,99,True
1446,857397,26,125,130,False
2148,857773,26,124,123,False
495,857974,26,135,115,False
2010,858023,26,116,111,False
2542,858429,26,120,128,False
1796,857693,26,123,96,False
1484,858251,26,176,175,False
2138,857619,26,106,115,False
2350,858225,26,109,120,False
1985,857717,26,113,126,False
20,857387,26,109,111,False
186,857595,26,137,129,False
1869,858410,26,132,118,False
518,858074,26,95,113,False
738,857964,26,136,111,False
2209,857511,26,113,116,False
1497,857463,26,107,110,False
1362,892516,26,116,123,True
2515,858395,26,117,114,False
269,857525,26,127,120,False
2553,858548,26,119,123,False
783,857368,26,108,115,False
1364,892528,26,100,120,True
527,857435,26,119,113,False
1204,857576,26,130,112,False
2194,858513,26,138,114,False
211,857845,26,111,125,False
2552,858537,26,121,103,False
857,858312,26,134,138,False
2612,857454,26,115,108,False
554,857658,26,117,122,False
631,857560,26,153,121,False
2629,857613,26,113,109,False
1739,858006,26,132,119,False
2630,857634,26,104,122,False
562,857698,26,110,101,False
215,857874,26,127,126,False
1281,858037,26,118,113,False
1933,858359,26,128,119,False
120,857387,26,109,111,False
764,858380,26,124,133,False
771,858478,26,115,119,False
86,857595,26,137,129,False
1587,858283,26,123,117,False
1047,858525,26,134,142,False
1584,858251,26,176,175,False
488,857866,26,106,113,False
2372,858400,26,101,96,False
1309,858329,26,123,108,False
599,858300,26,128,127,False
1103,858465,26,121,113,False
2767,892500,26,97,114,True
1597,857463,26,107,110,False
2044,857486,26,126,123,False
2776,892509,26,125,126,True
2394,857739,26,106,95,False
769,858460,26,135,127,False
648,857676,26,137,114,False
1071,858434,26,109,132,False
1836,858164,26,140,120,False
1313,858247,26,133,116,False
1084,858563,26,97,119,False
2319,857754,26,99,112,False
1850,858126,26,119,109,False
620,857421,26,110,125,False
1848,858097,26,110,117,False
51,858063,26,133,100,False
663,857929,26,117,120,False
2309,858117,26,118,111,False
1294,858208,26,133,128,False
2128,857535,26,120,114,False
2721,858184,26,130,128,False
753,858196,26,114,122,False
2722,858156,26,104,136,False
643,857806,26,119,125,False
361,857550,26,122,115,False
1327,890556,26,126,123,True
2032,858581,26,95,109,False
1029,858348,26,122,117,False
1546,857397,26,125,130,False
1096,858407,27,120,126,False
1963,857554,27,95,132,False
1535,857382,27,114,105,False
1567,857416,27,122,134,False
1271,858041,27,126,131,False
2717,858181,27,98,112,False
2706,858075,27,104,113,False
2031,858571,27,138,117,False
1065,858384,27,132,114,False
2134,857601,27,92,123,False
900,857759,27,112,111,False
539,857523,27,122,124,False
246,858143,27,125,137,False
1199,857537,27,111,93,False
1315,858355,27,128,120,False
617,857425,27,129,124,False
2017,858277,27,102,94,False
2015,858240,27,116,142,False
2563,858468,27,93,137,False
1181,857366,27,102,129,False
1019,858568,27,131,151,False
529,857508,27,109,115,False
2560,858442,27,94,130,False
587,857945,27,116,121,False
1435,857382,27,114,105,False
2588,857836,27,113,133,False
1342,858389,27,128,137,False
2153,857808,27,124,105,False
2661,857913,27,103,139,False
1425,857373,27,137,134,False
1991,857831,27,117,126,False
1525,857373,27,137,134,False
170,858313,27,110,122,False
92,857684,27,99,117,False
174,857449,27,107,98,False
1599,857592,27,97,119,False
2119,858062,27,127,147,False
1117,858371,27,90,102,False
1549,857401,27,115,106,False
1266,858019,27,106,98,False
2719,858192,27,131,138,False
703,858112,27,106,127,False
192,857684,27,99,117,False
2624,857576,27,112,130,False
74,857449,27,107,98,False
1163,857469,27,100,143,False
1449,857401,27,115,106,False
923,857992,27,113,144,False
70,858313,27,110,122,False
1695,857563,27,110,117,False
913,857882,27,122,115,False
2198,858542,27,94,115,False
1992,857864,27,114,130,False
2103,858321,27,110,142,False
1585,858261,27,102,118,False
1638,857921,27,114,117,False
2349,858213,27,109,117,False
1499,857592,27,97,119,False
864,857480,27,106,113,False
2467,858525,27,142,134,False
311,857936,27,121,109,False
2262,858167,27,104,128,False
1826,857959,27,113,121,False
1235,857856,27,126,122,False
803,857638,27,94,105,False
378,857729,27,118,109,False
802,857623,27,110,129,False
1846,858084,27,100,138,False
799,858101,27,118,128,False
2379,858459,27,124,136,False
2265,858207,27,106,125,False
1890,857671,27,111,119,False
1134,858553,27,129,127,False
740,857900,27,125,126,False
1139,858417,27,126,118,False
772,858499,27,117,128,False
1467,857416,27,122,134,False
1828,857977,27,129,135,False
2398,858230,27,110,120,False
1800,857741,27,115,111,False
819,857777,27,112,128,False
1485,858261,27,102,118,False
855,858297,27,110,99,False
1211,857699,27,95,133,False
1230,857792,27,101,111,False
1937,858512,27,115,130,False
430,858126,27,109,119,False
1876,857489,27,101,126,False
2459,858435,27,84,119,False
805,857642,27,138,143,False
319,858006,27,119,132,False
2634,857673,28,108,126,False
2402,858257,28,95,91,False
1260,857955,28,117,105,False
325,858049,28,104,106,False
1118,858399,28,128,111,False
848,858244,28,115,110,False
452,857426,28,90,112,False
1938,858074,28,113,95,False
187,857622,28,98,112,False
853,858285,28,104,98,False
1452,857399,28,98,90,False
1427,857371,28,105,109,False
293,857785,28,116,119,False
2261,858157,28,106,103,False
1987,857731,28,109,113,False
1775,857557,28,115,111,False
827,857863,28,113,124,False
1629,857839,28,118,107,False
320,857996,28,103,114,False
2436,858545,28,93,97,False
2129,857544,28,104,118,False
814,857709,28,110,116,False
146,857412,28,119,109,False
2726,858311,28,116,109,False
664,857941,28,108,112,False
1129,858485,28,106,92,False
1598,857477,28,110,111,False
1909,857906,28,114,122,False
96,857719,28,126,113,False
1649,858018,28,123,121,False
87,857622,28,98,112,False
2413,858353,28,112,122,False
1898,857752,28,99,111,False
1127,858473,28,114,104,False
1441,857384,28,109,112,False
2407,858296,28,108,119,False
2479,858345,28,100,108,False
1321,890552,28,105,109,False
196,857719,28,126,113,False
1052,858573,28,121,105,False
1659,858090,28,117,129,False
2649,857814,28,101,104,False
1661,858114,28,106,114,False
1262,857971,28,132,120,False
1195,857495,28,113,104,False
1124,858441,28,114,118,False
1317,858386,28,125,110,False
2583,857469,28,143,100,False
904,857802,28,110,126,False
2243,857829,28,113,106,False
1175,857643,28,105,100,False
1304,858209,28,119,118,False
1527,857371,28,105,109,False
1960,857530,28,113,132,False
1180,857925,28,101,104,False
1957,857498,28,97,111,False
1541,857384,28,109,112,False
865,857455,28,139,109,False
2518,858423,28,111,118,False
418,858198,28,116,122,False
2531,858520,28,128,108,False
2555,858560,28,102,121,False
637,857566,28,112,104,False
1097,858415,28,122,107,False
1743,858035,28,126,128,False
2551,858505,28,110,117,False
728,857773,28,123,124,False
1245,858056,28,125,116,False
1498,857477,28,110,111,False
1297,858181,28,112,98,False
737,857877,28,106,119,False
1861,858327,28,113,118,False
268,857518,28,116,109,False
1088,857362,28,108,105,False
1795,857685,28,105,114,False
1964,857589,28,122,124,False
2503,858533,28,120,100,False
509,858222,28,123,113,False
2096,858270,28,93,118,False
1552,857399,28,98,90,False
1939,858124,28,128,131,False
46,857412,28,119,109,False
912,857888,28,113,104,False
1941,858105,28,123,105,False
618,857696,28,121,108,False
1074,858453,28,118,97,False
1832,858020,28,122,130,False
225,857981,28,124,114,False
720,857656,28,100,88,False
1851,858140,28,117,111,False
1807,857807,29,99,122,False
2725,858374,29,115,119,False
2043,857485,29,130,116,False
1331,858437,29,115,127,False
1102,858458,29,116,144,False
645,857659,29,107,114,False
390,857832,29,120,112,False
815,857740,29,108,118,False
2345,858016,29,126,125,False
2279,858336,29,116,120,False
1530,857378,29,132,126,False
1808,857816,29,126,111,False
2061,857637,29,118,129,False
666,858166,29,111,124,False
614,858139,29,108,115,False
1170,857418,29,109,101,False
1550,857398,29,108,114,False
639,857718,29,124,123,False
65,858261,29,118,102,False
1430,857378,29,132,126,False
2368,858364,29,119,111,False
1580,858220,29,123,117,False
417,858180,29,118,143,False
1824,857946,29,118,126,False
597,858277,29,94,102,False
1884,857590,29,118,113,False
2090,858204,29,120,126,False
1600,857496,29,110,102,False
1278,858042,29,106,117,False
457,857510,29,139,116,False
1820,857933,29,131,114,False
1544,857394,29,122,121,False
766,858416,29,118,117,False
1903,857796,29,97,123,False
1860,858318,29,119,129,False
1838,858198,29,122,116,False
1090,857456,29,121,105,False
2734,858308,29,103,130,False
1480,858220,29,123,117,False
1077,858480,29,103,117,False
1159,858567,29,118,114,False
977,857367,29,123,102,False
502,858027,29,126,103,False
232,858064,29,120,102,False
519,858124,29,131,128,False
2192,858499,29,128,117,False
2210,857516,29,125,119,False
836,857993,29,112,108,False
165,858261,29,118,102,False
2267,858233,29,111,117,False
2657,857876,29,107,112,False
2655,857856,29,122,126,False
1166,857578,29,134,133,False
226,857997,29,117,118,False
2480,858347,29,131,124,False
2523,858465,29,113,121,False
2205,857466,29,100,103,False
1969,857602,29,114,121,False
2506,858583,29,117,128,False
290,857692,29,111,116,False
1122,858429,29,128,120,False
556,857677,29,125,112,False
918,857970,29,116,114,False
2196,858519,29,110,111,False
1973,857640,29,112,113,False
200,857779,29,132,129,False
2616,857539,29,112,121,False
201,857764,29,121,100,False
712,857562,29,111,118,False
550,857624,29,116,125,False
2204,857431,29,101,117,False
1450,857398,29,108,114,False
284,857687,29,139,119,False
576,857895,29,123,126,False
1500,857496,29,110,102,False
2466,858506,29,114,122,False
520,858095,29,108,100,False
1242,857917,29,115,117,False
2008,857950,29,118,123,False
1155,858540,29,133,135,False
255,858241,29,120,119,False
1728,857891,29,125,126,False
1444,857394,29,122,121,False
2236,857747,29,110,115,False
689,857439,29,124,123,False
2216,857551,29,98,105,False
1151,858551,29,98,114,False
2218,858083,29,124,134,False
3,857374,30,102,100,False
449,858410,30,118,132,False
1208,857599,30,106,102,False
2231,857686,30,116,117,False
1196,857539,30,121,112,False
1085,858576,30,109,114,False
2547,858473,30,104,114,False
2351,858239,30,114,106,False
2501,858521,30,109,118,False
2536,857357,30,114,107,False
920,857963,30,112,132,False
786,857427,30,117,127,False
1721,857803,30,117,119,False
1234,857862,30,116,111,False
2576,858544,30,116,134,False
1246,858051,30,138,118,False
725,857743,30,107,114,False
1303,858168,30,91,114,False
627,857546,30,102,92,False
1548,857393,30,107,117,False
892,858146,30,116,124,False
1889,857628,30,107,110,False
726,857757,30,100,112,False
1749,858078,30,108,103,False
1744,858125,30,119,117,False
270,857527,30,113,105,False
264,857452,30,111,118,False
1306,858311,30,109,116,False
2326,857819,30,113,110,False
276,857571,30,120,121,False
1015,858539,30,128,140,False
1760,858149,30,123,125,False
451,857476,30,86,128,False
313,857972,30,100,97,False
2123,858112,30,127,106,False
2423,858432,30,112,122,False
498,857987,30,108,112,False
103,857374,30,102,100,False
2294,857621,30,105,113,False
2728,858212,30,126,135,False
2271,858269,30,82,102,False
1448,857393,30,107,117,False
1641,857935,30,110,127,False
1817,857890,30,119,100,False
143,857407,30,120,99,False
2002,857915,30,113,123,False
1810,857832,30,112,120,False
1004,858439,30,104,118,False
1213,857655,30,142,127,False
1634,857901,30,118,95,False
1185,858177,30,118,104,False
486,857871,30,127,102,False
1010,858487,30,130,111,False
1803,857793,30,93,102,False
1631,857845,30,125,111,False
2699,858071,30,127,126,False
992,858341,30,120,122,False
366,857585,30,107,106,False
2121,858099,30,113,103,False
987,858296,30,119,108,False
2613,857467,30,121,111,False
1833,858029,30,116,105,False
1316,858385,30,117,97,False
2050,857768,30,128,141,False
321,858012,30,118,127,False
1977,857666,30,107,113,False
1673,858223,30,126,101,False
289,857701,30,119,130,False
2488,858402,30,94,117,False
959,858459,30,136,124,False
1061,858354,30,107,114,False
43,857407,30,120,99,False
59,858201,30,127,113,False
1896,857726,30,111,115,False
2113,857497,30,97,103,False
2483,858368,30,93,112,False
1108,858511,30,109,116,False
2405,858280,30,119,116,False
1051,858561,30,114,108,False
1776,857502,30,108,100,False
2475,857448,30,94,112,False
1785,857648,30,121,130,False
981,858250,30,109,115,False
159,858201,30,127,113,False
2642,857737,30,111,121,False
684,858325,30,111,117,False
